{
  "type": "FeatureCollection",
  "features": [
    {
      "type": "Feature",
      "geometry": {
        "type": "Point",
        "coordinates": [
          18.047961,
          59.354436
        ]
      },
      "properties": {
        "title": "File:Bellevueparkens Hundrastomr\u00e5de 01.jpg",
        "url": "https://commons.wikimedia.org/wiki/File:Bellevueparkens_Hundrastomr\u00e5de_01.jpg"
      }
    },
    {
      "type": "Feature",
      "geometry": {
        "type": "Point",
        "coordinates": [
          18.092714,
          59.355381
        ]
      },
      "properties": {
        "title": "File:V\u00e4stra Hjorthagsparkens hundrastg\u00e5rd 01.jpg",
        "url": "https://commons.wikimedia.org/wiki/File:V\u00e4stra_Hjorthagsparkens_hundrastg\u00e5rd_01.jpg"
      }
    },
    {
      "type": "Feature",
      "geometry": {
        "type": "Point",
        "coordinates": [
          18.047767,
          59.353981
        ]
      },
      "properties": {
        "title": "File:Bellevueparkens Hundrastomr\u00e5de 05.jpg",
        "url": "https://commons.wikimedia.org/wiki/File:Bellevueparkens_Hundrastomr\u00e5de_05.jpg"
      }
    },
    {
      "type": "Feature",
      "geometry": {
        "type": "Point",
        "coordinates": [
          13.393889,
          55.600833
        ]
      },
      "properties": {
        "title": "File:Genarp Hundrastg\u00e5rd pipe.jpg",
        "url": "https://commons.wikimedia.org/wiki/File:Genarp_Hundrastg\u00e5rd_pipe.jpg"
      }
    },
    {
      "type": "Feature",
      "geometry": {
        "type": "Point",
        "coordinates": [
          18.047906,
          59.352828
        ]
      },
      "properties": {
        "title": "File:Bellevueparkens Hundrastomr\u00e5de 15.jpg",
        "url": "https://commons.wikimedia.org/wiki/File:Bellevueparkens_Hundrastomr\u00e5de_15.jpg"
      }
    },
    {
      "type": "Feature",
      "geometry": {
        "type": "Point",
        "coordinates": [
          17.938719,
          59.429814
        ]
      },
      "properties": {
        "title": "File:Hundrastg\u00e5rd - Tureberg 3 - 1.jpg",
        "url": "https://commons.wikimedia.org/wiki/File:Hundrastg\u00e5rd_-_Tureberg_3_-_1.jpg"
      }
    },
    {
      "type": "Feature",
      "geometry": {
        "type": "Point",
        "coordinates": [
          18.018089,
          59.330769
        ]
      },
      "properties": {
        "title": "File:Konradsbergsparkens Hundrastg\u00e5rd 03.jpg",
        "url": "https://commons.wikimedia.org/wiki/File:Konradsbergsparkens_Hundrastg\u00e5rd_03.jpg"
      }
    },
    {
      "type": "Feature",
      "geometry": {
        "type": "Point",
        "coordinates": [
          18.072839,
          59.309503
        ]
      },
      "properties": {
        "title": "File:\u00c4lvsborgsgatans hundrastplsts 04.jpg",
        "url": "https://commons.wikimedia.org/wiki/File:\u00c4lvsborgsgatans_hundrastplsts_04.jpg"
      }
    },
    {
      "type": "Feature",
      "geometry": {
        "type": "Point",
        "coordinates": [
          18.007342,
          59.333381
        ]
      },
      "properties": {
        "title": "File:Kristinebergs Hundrastg\u00e5rd 06.jpg",
        "url": "https://commons.wikimedia.org/wiki/File:Kristinebergs_Hundrastg\u00e5rd_06.jpg"
      }
    },
    {
      "type": "Feature",
      "geometry": {
        "type": "Point",
        "coordinates": [
          18.036419,
          59.332103
        ]
      },
      "properties": {
        "title": "File:Kronobergsparkens hundrastg\u00e5rd 10.jpg",
        "url": "https://commons.wikimedia.org/wiki/File:Kronobergsparkens_hundrastg\u00e5rd_10.jpg"
      }
    },
    {
      "type": "Feature",
      "geometry": {
        "type": "Point",
        "coordinates": [
          18.049386,
          59.353794
        ]
      },
      "properties": {
        "title": "File:Bellevueparkens Hundrastomr\u00e5de 13.jpg",
        "url": "https://commons.wikimedia.org/wiki/File:Bellevueparkens_Hundrastomr\u00e5de_13.jpg"
      }
    },
    {
      "type": "Feature",
      "geometry": {
        "type": "Point",
        "coordinates": [
          17.941175,
          59.426444
        ]
      },
      "properties": {
        "title": "File:Hundrastg\u00e5rd Tureberg 01.jpg",
        "url": "https://commons.wikimedia.org/wiki/File:Hundrastg\u00e5rd_Tureberg_01.jpg"
      }
    },
    {
      "type": "Feature",
      "geometry": {
        "type": "Point",
        "coordinates": [
          18.103075,
          59.344425
        ]
      },
      "properties": {
        "title": "File:Kampementsbackens hundrastg\u00e5rd 17.jpg",
        "url": "https://commons.wikimedia.org/wiki/File:Kampementsbackens_hundrastg\u00e5rd_17.jpg"
      }
    },
    {
      "type": "Feature",
      "geometry": {
        "type": "Point",
        "coordinates": [
          17.909139,
          59.410581
        ]
      },
      "properties": {
        "title": "File:Akalla hundrastg\u00e5rd, J\u00e4rvaf\u00e4ltet 08.jpg",
        "url": "https://commons.wikimedia.org/wiki/File:Akalla_hundrastg\u00e5rd,_J\u00e4rvaf\u00e4ltet_08.jpg"
      }
    },
    {
      "type": "Feature",
      "geometry": {
        "type": "Point",
        "coordinates": [
          18.034892,
          59.344178
        ]
      },
      "properties": {
        "title": "File:Solv\u00e4ndashundrastg\u00e5rd 04.jpg",
        "url": "https://commons.wikimedia.org/wiki/File:Solv\u00e4ndashundrastg\u00e5rd_04.jpg"
      }
    },
    {
      "type": "Feature",
      "geometry": {
        "type": "Point",
        "coordinates": [
          17.88205,
          59.397186
        ]
      },
      "properties": {
        "title": "File:Hjulsta hundrastg\u00e5rd 04.jpg",
        "url": "https://commons.wikimedia.org/wiki/File:Hjulsta_hundrastg\u00e5rd_04.jpg"
      }
    },
    {
      "type": "Feature",
      "geometry": {
        "type": "Point",
        "coordinates": [
          17.937122,
          59.402425
        ]
      },
      "properties": {
        "title": "File:Kvarnens hundrastg\u00e5rd 03.jpg",
        "url": "https://commons.wikimedia.org/wiki/File:Kvarnens_hundrastg\u00e5rd_03.jpg"
      }
    },
    {
      "type": "Feature",
      "geometry": {
        "type": "Point",
        "coordinates": [
          18.050794,
          59.319497
        ]
      },
      "properties": {
        "title": "File:Skinnarviksbergets hundrastg\u00e5rd 02.jpg",
        "url": "https://commons.wikimedia.org/wiki/File:Skinnarviksbergets_hundrastg\u00e5rd_02.jpg"
      }
    },
    {
      "type": "Feature",
      "geometry": {
        "type": "Point",
        "coordinates": [
          18.103319,
          59.344833
        ]
      },
      "properties": {
        "title": "File:Kampementsbackens hundrastg\u00e5rd 05.jpg",
        "url": "https://commons.wikimedia.org/wiki/File:Kampementsbackens_hundrastg\u00e5rd_05.jpg"
      }
    },
    {
      "type": "Feature",
      "geometry": {
        "type": "Point",
        "coordinates": [
          18.034647,
          59.344131
        ]
      },
      "properties": {
        "title": "File:Solv\u00e4ndashundrastg\u00e5rd 01.jpg",
        "url": "https://commons.wikimedia.org/wiki/File:Solv\u00e4ndashundrastg\u00e5rd_01.jpg"
      }
    },
    {
      "type": "Feature",
      "geometry": {
        "type": "Point",
        "coordinates": [
          17.912542,
          59.380497
        ]
      },
      "properties": {
        "title": "File:Bromstens Hundpark 2025 nov - 7.jpg",
        "url": "https://commons.wikimedia.org/wiki/File:Bromstens_Hundpark_2025_nov_-_7.jpg"
      }
    },
    {
      "type": "Feature",
      "geometry": {
        "type": "Point",
        "coordinates": [
          17.876731,
          59.323022
        ]
      },
      "properties": {
        "title": "File:Ormholmen Hund\u00f6n Drottningholm 10.jpg",
        "url": "https://commons.wikimedia.org/wiki/File:Ormholmen_Hund\u00f6n_Drottningholm_10.jpg"
      }
    },
    {
      "type": "Feature",
      "geometry": {
        "type": "Point",
        "coordinates": [
          18.050753,
          59.319492
        ]
      },
      "properties": {
        "title": "File:Skinnarviksbergets hundrastg\u00e5rd 04.jpg",
        "url": "https://commons.wikimedia.org/wiki/File:Skinnarviksbergets_hundrastg\u00e5rd_04.jpg"
      }
    },
    {
      "type": "Feature",
      "geometry": {
        "type": "Point",
        "coordinates": [
          17.935669,
          59.396789
        ]
      },
      "properties": {
        "title": "File:\u00c5rvinge hundrastg\u00e5rd 09.jpg",
        "url": "https://commons.wikimedia.org/wiki/File:\u00c5rvinge_hundrastg\u00e5rd_09.jpg"
      }
    },
    {
      "type": "Feature",
      "geometry": {
        "type": "Point",
        "coordinates": [
          17.941694,
          59.425819
        ]
      },
      "properties": {
        "title": "File:Hundrastg\u00e5rd Tureberg 06.jpg",
        "url": "https://commons.wikimedia.org/wiki/File:Hundrastg\u00e5rd_Tureberg_06.jpg"
      }
    },
    {
      "type": "Feature",
      "geometry": {
        "type": "Point",
        "coordinates": [
          17.937236,
          59.402356
        ]
      },
      "properties": {
        "title": "File:Kvarnens hundrastg\u00e5rd 06.jpg",
        "url": "https://commons.wikimedia.org/wiki/File:Kvarnens_hundrastg\u00e5rd_06.jpg"
      }
    },
    {
      "type": "Feature",
      "geometry": {
        "type": "Point",
        "coordinates": [
          18.069914,
          59.315514
        ]
      },
      "properties": {
        "title": "File:Fatbursparkens hundrastg\u00e5rd 06.jpg",
        "url": "https://commons.wikimedia.org/wiki/File:Fatbursparkens_hundrastg\u00e5rd_06.jpg"
      }
    },
    {
      "type": "Feature",
      "geometry": {
        "type": "Point",
        "coordinates": [
          17.818139,
          59.369889
        ]
      },
      "properties": {
        "title": "File:Oxtungans hundg\u00e5rd H\u00e4sselby 05.jpg",
        "url": "https://commons.wikimedia.org/wiki/File:Oxtungans_hundg\u00e5rd_H\u00e4sselby_05.jpg"
      }
    },
    {
      "type": "Feature",
      "geometry": {
        "type": "Point",
        "coordinates": [
          18.036578,
          59.332006
        ]
      },
      "properties": {
        "title": "File:Kronobergsparkens hundrastg\u00e5rd 07.jpg",
        "url": "https://commons.wikimedia.org/wiki/File:Kronobergsparkens_hundrastg\u00e5rd_07.jpg"
      }
    },
    {
      "type": "Feature",
      "geometry": {
        "type": "Point",
        "coordinates": [
          18.044022,
          59.334522
        ]
      },
      "properties": {
        "title": "File:Kvarnbergets hundrastg\u00e5rd 06.jpg",
        "url": "https://commons.wikimedia.org/wiki/File:Kvarnbergets_hundrastg\u00e5rd_06.jpg"
      }
    },
    {
      "type": "Feature",
      "geometry": {
        "type": "Point",
        "coordinates": [
          18.088122,
          59.331669
        ]
      },
      "properties": {
        "title": "File:Strandv\u00e4gens hundrastg\u00e5rd 04.jpg",
        "url": "https://commons.wikimedia.org/wiki/File:Strandv\u00e4gens_hundrastg\u00e5rd_04.jpg"
      }
    },
    {
      "type": "Feature",
      "geometry": {
        "type": "Point",
        "coordinates": [
          18.092694,
          59.355106
        ]
      },
      "properties": {
        "title": "File:V\u00e4stra Hjorthagsparkens hundrastg\u00e5rd 04.jpg",
        "url": "https://commons.wikimedia.org/wiki/File:V\u00e4stra_Hjorthagsparkens_hundrastg\u00e5rd_04.jpg"
      }
    },
    {
      "type": "Feature",
      "geometry": {
        "type": "Point",
        "coordinates": [
          18.036575,
          59.332006
        ]
      },
      "properties": {
        "title": "File:Kronobergsparkens hundrastg\u00e5rd 08.jpg",
        "url": "https://commons.wikimedia.org/wiki/File:Kronobergsparkens_hundrastg\u00e5rd_08.jpg"
      }
    },
    {
      "type": "Feature",
      "geometry": {
        "type": "Point",
        "coordinates": [
          18.040183,
          59.339414
        ]
      },
      "properties": {
        "title": "File:Vasaparkens hundrastg\u00e5rd 03.jpg",
        "url": "https://commons.wikimedia.org/wiki/File:Vasaparkens_hundrastg\u00e5rd_03.jpg"
      }
    },
    {
      "type": "Feature",
      "geometry": {
        "type": "Point",
        "coordinates": [
          18.034858,
          59.344131
        ]
      },
      "properties": {
        "title": "File:Solv\u00e4ndashundrastg\u00e5rd 03.jpg",
        "url": "https://commons.wikimedia.org/wiki/File:Solv\u00e4ndashundrastg\u00e5rd_03.jpg"
      }
    },
    {
      "type": "Feature",
      "geometry": {
        "type": "Point",
        "coordinates": [
          17.876572,
          59.387333
        ]
      },
      "properties": {
        "title": "File:Lunda\u00e4ngens Hundrastg\u00e5rd - Sp\u00e5nga Nov 2025 01.jpg",
        "url": "https://commons.wikimedia.org/wiki/File:Lunda\u00e4ngens_Hundrastg\u00e5rd_-_Sp\u00e5nga_Nov_2025_01.jpg"
      }
    },
    {
      "type": "Feature",
      "geometry": {
        "type": "Point",
        "coordinates": [
          18.103475,
          59.344578
        ]
      },
      "properties": {
        "title": "File:Kampementsbackens hundrastg\u00e5rd 01.jpg",
        "url": "https://commons.wikimedia.org/wiki/File:Kampementsbackens_hundrastg\u00e5rd_01.jpg"
      }
    },
    {
      "type": "Feature",
      "geometry": {
        "type": "Point",
        "coordinates": [
          18.1177,
          59.322706
        ]
      },
      "properties": {
        "title": "File:Hundg\u00e5rd, Frisens park 03.jpg",
        "url": "https://commons.wikimedia.org/wiki/File:Hundg\u00e5rd,_Frisens_park_03.jpg"
      }
    },
    {
      "type": "Feature",
      "geometry": {
        "type": "Point",
        "coordinates": [
          18.047247,
          59.352572
        ]
      },
      "properties": {
        "title": "File:Bellevueparkens Hundrastomr\u00e5de 17.jpg",
        "url": "https://commons.wikimedia.org/wiki/File:Bellevueparkens_Hundrastomr\u00e5de_17.jpg"
      }
    },
    {
      "type": "Feature",
      "geometry": {
        "type": "Point",
        "coordinates": [
          17.852172,
          59.413386
        ]
      },
      "properties": {
        "title": "File:Snapphanev\u00e4gens hundrastg\u00e5rd 05.jpg",
        "url": "https://commons.wikimedia.org/wiki/File:Snapphanev\u00e4gens_hundrastg\u00e5rd_05.jpg"
      }
    },
    {
      "type": "Feature",
      "geometry": {
        "type": "Point",
        "coordinates": [
          17.916378,
          59.436325
        ]
      },
      "properties": {
        "title": "File:Hundrastg\u00e5rd - J\u00e4rvaf\u00e4ltet B\u00f6gs g\u00e5rd 03.jpg",
        "url": "https://commons.wikimedia.org/wiki/File:Hundrastg\u00e5rd_-_J\u00e4rvaf\u00e4ltet_B\u00f6gs_g\u00e5rd_03.jpg"
      }
    },
    {
      "type": "Feature",
      "geometry": {
        "type": "Point",
        "coordinates": [
          17.807744,
          59.502304
        ]
      },
      "properties": {
        "title": "File:Hundrastplats \u00c4ngsj\u00f6 friluftsomr\u00e5de 01.jpg",
        "url": "https://commons.wikimedia.org/wiki/File:Hundrastplats_\u00c4ngsj\u00f6_friluftsomr\u00e5de_01.jpg"
      }
    },
    {
      "type": "Feature",
      "geometry": {
        "type": "Point",
        "coordinates": [
          13.393889,
          55.600833
        ]
      },
      "properties": {
        "title": "File:Genarp Hundrastg\u00e5rd table.jpg",
        "url": "https://commons.wikimedia.org/wiki/File:Genarp_Hundrastg\u00e5rd_table.jpg"
      }
    },
    {
      "type": "Feature",
      "geometry": {
        "type": "Point",
        "coordinates": [
          17.858936,
          59.364369
        ]
      },
      "properties": {
        "title": "File:Lunda\u00e4ngens Hundrastg\u00e5rd - Sp\u00e5nga 04.jpg",
        "url": "https://commons.wikimedia.org/wiki/File:Lunda\u00e4ngens_Hundrastg\u00e5rd_-_Sp\u00e5nga_04.jpg"
      }
    },
    {
      "type": "Feature",
      "geometry": {
        "type": "Point",
        "coordinates": [
          18.047292,
          59.352628
        ]
      },
      "properties": {
        "title": "File:Bellevueparkens Hundrastomr\u00e5de 18.jpg",
        "url": "https://commons.wikimedia.org/wiki/File:Bellevueparkens_Hundrastomr\u00e5de_18.jpg"
      }
    },
    {
      "type": "Feature",
      "geometry": {
        "type": "Point",
        "coordinates": [
          18.093814,
          59.344947
        ]
      },
      "properties": {
        "title": "File:Tessinparkenshundrastg\u00e5rd 05.jpg",
        "url": "https://commons.wikimedia.org/wiki/File:Tessinparkenshundrastg\u00e5rd_05.jpg"
      }
    },
    {
      "type": "Feature",
      "geometry": {
        "type": "Point",
        "coordinates": [
          18.103331,
          59.344761
        ]
      },
      "properties": {
        "title": "File:Kampementsbackens hundrastg\u00e5rd 02.jpg",
        "url": "https://commons.wikimedia.org/wiki/File:Kampementsbackens_hundrastg\u00e5rd_02.jpg"
      }
    },
    {
      "type": "Feature",
      "geometry": {
        "type": "Point",
        "coordinates": [
          17.912022,
          59.380833
        ]
      },
      "properties": {
        "title": "File:Bromstens Hundpark 2025 nov - 4.jpg",
        "url": "https://commons.wikimedia.org/wiki/File:Bromstens_Hundpark_2025_nov_-_4.jpg"
      }
    },
    {
      "type": "Feature",
      "geometry": {
        "type": "Point",
        "coordinates": [
          18.050669,
          59.319606
        ]
      },
      "properties": {
        "title": "File:Skinnarviksbergets hundrastg\u00e5rd 07.jpg",
        "url": "https://commons.wikimedia.org/wiki/File:Skinnarviksbergets_hundrastg\u00e5rd_07.jpg"
      }
    },
    {
      "type": "Feature",
      "geometry": {
        "type": "Point",
        "coordinates": [
          17.859147,
          59.364444
        ]
      },
      "properties": {
        "title": "File:Lunda\u00e4ngens Hundrastg\u00e5rd - Sp\u00e5nga 02.jpg",
        "url": "https://commons.wikimedia.org/wiki/File:Lunda\u00e4ngens_Hundrastg\u00e5rd_-_Sp\u00e5nga_02.jpg"
      }
    },
    {
      "type": "Feature",
      "geometry": {
        "type": "Point",
        "coordinates": [
          17.852336,
          59.413414
        ]
      },
      "properties": {
        "title": "File:Snapphanev\u00e4gens hundrastg\u00e5rd 07.jpg",
        "url": "https://commons.wikimedia.org/wiki/File:Snapphanev\u00e4gens_hundrastg\u00e5rd_07.jpg"
      }
    },
    {
      "type": "Feature",
      "geometry": {
        "type": "Point",
        "coordinates": [
          18.088061,
          59.357175
        ]
      },
      "properties": {
        "title": "File:Kontorsparkens Hundrastg\u00e5rd 11.jpg",
        "url": "https://commons.wikimedia.org/wiki/File:Kontorsparkens_Hundrastg\u00e5rd_11.jpg"
      }
    },
    {
      "type": "Feature",
      "geometry": {
        "type": "Point",
        "coordinates": [
          18.055808,
          59.342056
        ]
      },
      "properties": {
        "title": "File:Hundrastplats Obsan 04.jpg",
        "url": "https://commons.wikimedia.org/wiki/File:Hundrastplats_Obsan_04.jpg"
      }
    },
    {
      "type": "Feature",
      "geometry": {
        "type": "Point",
        "coordinates": [
          17.909228,
          59.410556
        ]
      },
      "properties": {
        "title": "File:Akalla hundrastg\u00e5rd, J\u00e4rvaf\u00e4ltet 07.jpg",
        "url": "https://commons.wikimedia.org/wiki/File:Akalla_hundrastg\u00e5rd,_J\u00e4rvaf\u00e4ltet_07.jpg"
      }
    },
    {
      "type": "Feature",
      "geometry": {
        "type": "Point",
        "coordinates": [
          17.876514,
          59.322353
        ]
      },
      "properties": {
        "title": "File:Ormholmen Hund\u00f6n Drottningholm 07.jpg",
        "url": "https://commons.wikimedia.org/wiki/File:Ormholmen_Hund\u00f6n_Drottningholm_07.jpg"
      }
    },
    {
      "type": "Feature",
      "geometry": {
        "type": "Point",
        "coordinates": [
          17.921458,
          59.406028
        ]
      },
      "properties": {
        "title": "File:Husby hundrastg\u00e5rd, Stockholm 05.jpg",
        "url": "https://commons.wikimedia.org/wiki/File:Husby_hundrastg\u00e5rd,_Stockholm_05.jpg"
      }
    },
    {
      "type": "Feature",
      "geometry": {
        "type": "Point",
        "coordinates": [
          18.092758,
          59.355031
        ]
      },
      "properties": {
        "title": "File:V\u00e4stra Hjorthagsparkens hundrastg\u00e5rd 06.jpg",
        "url": "https://commons.wikimedia.org/wiki/File:V\u00e4stra_Hjorthagsparkens_hundrastg\u00e5rd_06.jpg"
      }
    },
    {
      "type": "Feature",
      "geometry": {
        "type": "Point",
        "coordinates": [
          17.992053,
          59.334458
        ]
      },
      "properties": {
        "title": "File:Tranebergs hundrastg\u00e5rd 02.jpg",
        "url": "https://commons.wikimedia.org/wiki/File:Tranebergs_hundrastg\u00e5rd_02.jpg"
      }
    },
    {
      "type": "Feature",
      "geometry": {
        "type": "Point",
        "coordinates": [
          18.055797,
          59.341992
        ]
      },
      "properties": {
        "title": "File:Hundrastplats Obsan 02.jpg",
        "url": "https://commons.wikimedia.org/wiki/File:Hundrastplats_Obsan_02.jpg"
      }
    },
    {
      "type": "Feature",
      "geometry": {
        "type": "Point",
        "coordinates": [
          17.936731,
          59.402675
        ]
      },
      "properties": {
        "title": "File:Kvarnens hundrastg\u00e5rd 07.jpg",
        "url": "https://commons.wikimedia.org/wiki/File:Kvarnens_hundrastg\u00e5rd_07.jpg"
      }
    },
    {
      "type": "Feature",
      "geometry": {
        "type": "Point",
        "coordinates": [
          17.876667,
          59.322914
        ]
      },
      "properties": {
        "title": "File:Ormholmen Hund\u00f6n Drottningholm 09.jpg",
        "url": "https://commons.wikimedia.org/wiki/File:Ormholmen_Hund\u00f6n_Drottningholm_09.jpg"
      }
    },
    {
      "type": "Feature",
      "geometry": {
        "type": "Point",
        "coordinates": [
          18.103306,
          59.344836
        ]
      },
      "properties": {
        "title": "File:Kampementsbackens hundrastg\u00e5rd 04.jpg",
        "url": "https://commons.wikimedia.org/wiki/File:Kampementsbackens_hundrastg\u00e5rd_04.jpg"
      }
    },
    {
      "type": "Feature",
      "geometry": {
        "type": "Point",
        "coordinates": [
          17.818481,
          59.370003
        ]
      },
      "properties": {
        "title": "File:Oxtungans hundg\u00e5rd H\u00e4sselby 02.jpg",
        "url": "https://commons.wikimedia.org/wiki/File:Oxtungans_hundg\u00e5rd_H\u00e4sselby_02.jpg"
      }
    },
    {
      "type": "Feature",
      "geometry": {
        "type": "Point",
        "coordinates": [
          18.040153,
          59.339408
        ]
      },
      "properties": {
        "title": "File:Vasaparkens hundrastg\u00e5rd 02.jpg",
        "url": "https://commons.wikimedia.org/wiki/File:Vasaparkens_hundrastg\u00e5rd_02.jpg"
      }
    },
    {
      "type": "Feature",
      "geometry": {
        "type": "Point",
        "coordinates": [
          18.0706,
          59.339256
        ]
      },
      "properties": {
        "title": "File:Humleg\u00e5rdens hundpark 04.jpg",
        "url": "https://commons.wikimedia.org/wiki/File:Humleg\u00e5rdens_hundpark_04.jpg"
      }
    },
    {
      "type": "Feature",
      "geometry": {
        "type": "Point",
        "coordinates": [
          18.10335,
          59.344789
        ]
      },
      "properties": {
        "title": "File:Kampementsbackens hundrastg\u00e5rd 06.jpg",
        "url": "https://commons.wikimedia.org/wiki/File:Kampementsbackens_hundrastg\u00e5rd_06.jpg"
      }
    },
    {
      "type": "Feature",
      "geometry": {
        "type": "Point",
        "coordinates": [
          18.088333,
          59.357136
        ]
      },
      "properties": {
        "title": "File:Kontorsparkens Hundrastg\u00e5rd 04.jpg",
        "url": "https://commons.wikimedia.org/wiki/File:Kontorsparkens_Hundrastg\u00e5rd_04.jpg"
      }
    },
    {
      "type": "Feature",
      "geometry": {
        "type": "Point",
        "coordinates": [
          17.876503,
          59.387306
        ]
      },
      "properties": {
        "title": "File:Lunda\u00e4ngens Hundrastg\u00e5rd - Sp\u00e5nga Nov 2025 08.jpg",
        "url": "https://commons.wikimedia.org/wiki/File:Lunda\u00e4ngens_Hundrastg\u00e5rd_-_Sp\u00e5nga_Nov_2025_08.jpg"
      }
    },
    {
      "type": "Feature",
      "geometry": {
        "type": "Point",
        "coordinates": [
          18.007344,
          59.333389
        ]
      },
      "properties": {
        "title": "File:Kristinebergs Hundrastg\u00e5rd 05.jpg",
        "url": "https://commons.wikimedia.org/wiki/File:Kristinebergs_Hundrastg\u00e5rd_05.jpg"
      }
    },
    {
      "type": "Feature",
      "geometry": {
        "type": "Point",
        "coordinates": [
          17.916539,
          59.436356
        ]
      },
      "properties": {
        "title": "File:Hundrastg\u00e5rd - J\u00e4rvaf\u00e4ltet B\u00f6gs g\u00e5rd 01.jpg",
        "url": "https://commons.wikimedia.org/wiki/File:Hundrastg\u00e5rd_-_J\u00e4rvaf\u00e4ltet_B\u00f6gs_g\u00e5rd_01.jpg"
      }
    },
    {
      "type": "Feature",
      "geometry": {
        "type": "Point",
        "coordinates": [
          18.044014,
          59.334206
        ]
      },
      "properties": {
        "title": "File:Kvarnbergets hundrastg\u00e5rd 02.jpg",
        "url": "https://commons.wikimedia.org/wiki/File:Kvarnbergets_hundrastg\u00e5rd_02.jpg"
      }
    },
    {
      "type": "Feature",
      "geometry": {
        "type": "Point",
        "coordinates": [
          17.88285,
          59.396753
        ]
      },
      "properties": {
        "title": "File:Hjulsta hundrastg\u00e5rd 02.jpg",
        "url": "https://commons.wikimedia.org/wiki/File:Hjulsta_hundrastg\u00e5rd_02.jpg"
      }
    },
    {
      "type": "Feature",
      "geometry": {
        "type": "Point",
        "coordinates": [
          17.9094,
          59.410697
        ]
      },
      "properties": {
        "title": "File:Akalla hundrastg\u00e5rd, J\u00e4rvaf\u00e4ltet 09.jpg",
        "url": "https://commons.wikimedia.org/wiki/File:Akalla_hundrastg\u00e5rd,_J\u00e4rvaf\u00e4ltet_09.jpg"
      }
    },
    {
      "type": "Feature",
      "geometry": {
        "type": "Point",
        "coordinates": [
          17.9655,
          59.357942
        ]
      },
      "properties": {
        "title": "File:Tuvan hundpark - Sundbyberg 2025 nov - 1.jpg",
        "url": "https://commons.wikimedia.org/wiki/File:Tuvan_hundpark_-_Sundbyberg_2025_nov_-_1.jpg"
      }
    },
    {
      "type": "Feature",
      "geometry": {
        "type": "Point",
        "coordinates": [
          17.937058,
          59.402264
        ]
      },
      "properties": {
        "title": "File:Kvarnens hundrastg\u00e5rd 02.jpg",
        "url": "https://commons.wikimedia.org/wiki/File:Kvarnens_hundrastg\u00e5rd_02.jpg"
      }
    },
    {
      "type": "Feature",
      "geometry": {
        "type": "Point",
        "coordinates": [
          18.072847,
          59.309203
        ]
      },
      "properties": {
        "title": "File:\u00c4lvsborgsgatans hundrastplsts 01.jpg",
        "url": "https://commons.wikimedia.org/wiki/File:\u00c4lvsborgsgatans_hundrastplsts_01.jpg"
      }
    },
    {
      "type": "Feature",
      "geometry": {
        "type": "Point",
        "coordinates": [
          18.070331,
          59.339267
        ]
      },
      "properties": {
        "title": "File:Humleg\u00e5rdens hundpark 05.jpg",
        "url": "https://commons.wikimedia.org/wiki/File:Humleg\u00e5rdens_hundpark_05.jpg"
      }
    },
    {
      "type": "Feature",
      "geometry": {
        "type": "Point",
        "coordinates": [
          17.866706,
          59.409017
        ]
      },
      "properties": {
        "title": "File:Hundrastg\u00e5rd Kyrkparken Barkarby 01.jpg",
        "url": "https://commons.wikimedia.org/wiki/File:Hundrastg\u00e5rd_Kyrkparken_Barkarby_01.jpg"
      }
    },
    {
      "type": "Feature",
      "geometry": {
        "type": "Point",
        "coordinates": [
          17.882158,
          59.397011
        ]
      },
      "properties": {
        "title": "File:Hjulsta hundrastg\u00e5rd 03.jpg",
        "url": "https://commons.wikimedia.org/wiki/File:Hjulsta_hundrastg\u00e5rd_03.jpg"
      }
    },
    {
      "type": "Feature",
      "geometry": {
        "type": "Point",
        "coordinates": [
          18.044025,
          59.334411
        ]
      },
      "properties": {
        "title": "File:Kvarnbergets hundrastg\u00e5rd 05.jpg",
        "url": "https://commons.wikimedia.org/wiki/File:Kvarnbergets_hundrastg\u00e5rd_05.jpg"
      }
    },
    {
      "type": "Feature",
      "geometry": {
        "type": "Point",
        "coordinates": [
          18.088567,
          59.357169
        ]
      },
      "properties": {
        "title": "File:Kontorsparkens Hundrastg\u00e5rd 06.jpg",
        "url": "https://commons.wikimedia.org/wiki/File:Kontorsparkens_Hundrastg\u00e5rd_06.jpg"
      }
    },
    {
      "type": "Feature",
      "geometry": {
        "type": "Point",
        "coordinates": [
          18.036319,
          59.332211
        ]
      },
      "properties": {
        "title": "File:Kronobergsparkens hundrastg\u00e5rd 03.jpg",
        "url": "https://commons.wikimedia.org/wiki/File:Kronobergsparkens_hundrastg\u00e5rd_03.jpg"
      }
    },
    {
      "type": "Feature",
      "geometry": {
        "type": "Point",
        "coordinates": [
          17.852369,
          59.412967
        ]
      },
      "properties": {
        "title": "File:Snapphanev\u00e4gens hundrastg\u00e5rd 03.jpg",
        "url": "https://commons.wikimedia.org/wiki/File:Snapphanev\u00e4gens_hundrastg\u00e5rd_03.jpg"
      }
    },
    {
      "type": "Feature",
      "geometry": {
        "type": "Point",
        "coordinates": [
          17.895086,
          59.356103
        ]
      },
      "properties": {
        "title": "File:Bekomberga hundrastg\u00e5rd 02.jpg",
        "url": "https://commons.wikimedia.org/wiki/File:Bekomberga_hundrastg\u00e5rd_02.jpg"
      }
    },
    {
      "type": "Feature",
      "geometry": {
        "type": "Point",
        "coordinates": [
          17.877606,
          59.343875
        ]
      },
      "properties": {
        "title": "File:Blackebergsbackens hundrastg\u00e5rd 05.jpg",
        "url": "https://commons.wikimedia.org/wiki/File:Blackebergsbackens_hundrastg\u00e5rd_05.jpg"
      }
    },
    {
      "type": "Feature",
      "geometry": {
        "type": "Point",
        "coordinates": [
          17.866769,
          59.409011
        ]
      },
      "properties": {
        "title": "File:Hundrastg\u00e5rd Kyrkparken Barkarby 04.jpg",
        "url": "https://commons.wikimedia.org/wiki/File:Hundrastg\u00e5rd_Kyrkparken_Barkarby_04.jpg"
      }
    },
    {
      "type": "Feature",
      "geometry": {
        "type": "Point",
        "coordinates": [
          18.041906,
          59.348758
        ]
      },
      "properties": {
        "title": "File:Sankt Eriksparkens hundrastg\u00e5rd 03.jpg",
        "url": "https://commons.wikimedia.org/wiki/File:Sankt_Eriksparkens_hundrastg\u00e5rd_03.jpg"
      }
    },
    {
      "type": "Feature",
      "geometry": {
        "type": "Point",
        "coordinates": [
          18.069819,
          59.315528
        ]
      },
      "properties": {
        "title": "File:Fatbursparkens hundrastg\u00e5rd 01.jpg",
        "url": "https://commons.wikimedia.org/wiki/File:Fatbursparkens_hundrastg\u00e5rd_01.jpg"
      }
    },
    {
      "type": "Feature",
      "geometry": {
        "type": "Point",
        "coordinates": [
          17.883242,
          59.396419
        ]
      },
      "properties": {
        "title": "File:Hjulsta hundrastg\u00e5rd 01.jpg",
        "url": "https://commons.wikimedia.org/wiki/File:Hjulsta_hundrastg\u00e5rd_01.jpg"
      }
    },
    {
      "type": "Feature",
      "geometry": {
        "type": "Point",
        "coordinates": [
          17.877583,
          59.343872
        ]
      },
      "properties": {
        "title": "File:Blackebergsbackens hundrastg\u00e5rd 04.jpg",
        "url": "https://commons.wikimedia.org/wiki/File:Blackebergsbackens_hundrastg\u00e5rd_04.jpg"
      }
    },
    {
      "type": "Feature",
      "geometry": {
        "type": "Point",
        "coordinates": [
          17.818486,
          59.370011
        ]
      },
      "properties": {
        "title": "File:Oxtungans hundg\u00e5rd H\u00e4sselby 03.jpg",
        "url": "https://commons.wikimedia.org/wiki/File:Oxtungans_hundg\u00e5rd_H\u00e4sselby_03.jpg"
      }
    },
    {
      "type": "Feature",
      "geometry": {
        "type": "Point",
        "coordinates": [
          17.935653,
          59.396917
        ]
      },
      "properties": {
        "title": "File:\u00c5rvinge hundrastg\u00e5rd 03.jpg",
        "url": "https://commons.wikimedia.org/wiki/File:\u00c5rvinge_hundrastg\u00e5rd_03.jpg"
      }
    },
    {
      "type": "Feature",
      "geometry": {
        "type": "Point",
        "coordinates": [
          17.935681,
          59.396842
        ]
      },
      "properties": {
        "title": "File:\u00c5rvinge hundrastg\u00e5rd 10.jpg",
        "url": "https://commons.wikimedia.org/wiki/File:\u00c5rvinge_hundrastg\u00e5rd_10.jpg"
      }
    },
    {
      "type": "Feature",
      "geometry": {
        "type": "Point",
        "coordinates": [
          18.025025,
          59.335239
        ]
      },
      "properties": {
        "title": "File:Sankt G\u00f6ransparkens hundrastg\u00e5rd 09.jpg",
        "url": "https://commons.wikimedia.org/wiki/File:Sankt_G\u00f6ransparkens_hundrastg\u00e5rd_09.jpg"
      }
    },
    {
      "type": "Feature",
      "geometry": {
        "type": "Point",
        "coordinates": [
          17.895039,
          59.356114
        ]
      },
      "properties": {
        "title": "File:Bekomberga hundrastg\u00e5rd 04.jpg",
        "url": "https://commons.wikimedia.org/wiki/File:Bekomberga_hundrastg\u00e5rd_04.jpg"
      }
    },
    {
      "type": "Feature",
      "geometry": {
        "type": "Point",
        "coordinates": [
          17.909558,
          59.410706
        ]
      },
      "properties": {
        "title": "File:Akalla hundrastg\u00e5rd, J\u00e4rvaf\u00e4ltet 02.jpg",
        "url": "https://commons.wikimedia.org/wiki/File:Akalla_hundrastg\u00e5rd,_J\u00e4rvaf\u00e4ltet_02.jpg"
      }
    },
    {
      "type": "Feature",
      "geometry": {
        "type": "Point",
        "coordinates": [
          18.056725,
          59.316114
        ]
      },
      "properties": {
        "title": "File:Wollmar Yxkullsgatans hundrastg\u00e5rd 01.jpg",
        "url": "https://commons.wikimedia.org/wiki/File:Wollmar_Yxkullsgatans_hundrastg\u00e5rd_01.jpg"
      }
    },
    {
      "type": "Feature",
      "geometry": {
        "type": "Point",
        "coordinates": [
          18.036567,
          59.332011
        ]
      },
      "properties": {
        "title": "File:Kronobergsparkens hundrastg\u00e5rd 06.jpg",
        "url": "https://commons.wikimedia.org/wiki/File:Kronobergsparkens_hundrastg\u00e5rd_06.jpg"
      }
    },
    {
      "type": "Feature",
      "geometry": {
        "type": "Point",
        "coordinates": [
          18.074711,
          59.351806
        ]
      },
      "properties": {
        "title": "File:Lill-Jansskogens hundrastg\u00e5rd 01.jpg",
        "url": "https://commons.wikimedia.org/wiki/File:Lill-Jansskogens_hundrastg\u00e5rd_01.jpg"
      }
    },
    {
      "type": "Feature",
      "geometry": {
        "type": "Point",
        "coordinates": [
          18.056442,
          59.347703
        ]
      },
      "properties": {
        "title": "File:Vanadislundens hundrastg\u00e5rd 05.jpg",
        "url": "https://commons.wikimedia.org/wiki/File:Vanadislundens_hundrastg\u00e5rd_05.jpg"
      }
    },
    {
      "type": "Feature",
      "geometry": {
        "type": "Point",
        "coordinates": [
          18.093814,
          59.344956
        ]
      },
      "properties": {
        "title": "File:Tessinparkenshundrastg\u00e5rd 04.jpg",
        "url": "https://commons.wikimedia.org/wiki/File:Tessinparkenshundrastg\u00e5rd_04.jpg"
      }
    },
    {
      "type": "Feature",
      "geometry": {
        "type": "Point",
        "coordinates": [
          18.103678,
          59.34435
        ]
      },
      "properties": {
        "title": "File:Kampementsbackens hundrastg\u00e5rd 09.jpg",
        "url": "https://commons.wikimedia.org/wiki/File:Kampementsbackens_hundrastg\u00e5rd_09.jpg"
      }
    },
    {
      "type": "Feature",
      "geometry": {
        "type": "Point",
        "coordinates": [
          18.088581,
          59.357206
        ]
      },
      "properties": {
        "title": "File:Kontorsparkens Hundrastg\u00e5rd 08.jpg",
        "url": "https://commons.wikimedia.org/wiki/File:Kontorsparkens_Hundrastg\u00e5rd_08.jpg"
      }
    },
    {
      "type": "Feature",
      "geometry": {
        "type": "Point",
        "coordinates": [
          17.979191,
          59.371005
        ]
      },
      "properties": {
        "title": "File:Golf\u00e4ngarnas Hundrastg\u00e5rd.jpg",
        "url": "https://commons.wikimedia.org/wiki/File:Golf\u00e4ngarnas_Hundrastg\u00e5rd.jpg"
      }
    },
    {
      "type": "Feature",
      "geometry": {
        "type": "Point",
        "coordinates": [
          18.044006,
          59.334397
        ]
      },
      "properties": {
        "title": "File:Kvarnbergets hundrastg\u00e5rd 04.jpg",
        "url": "https://commons.wikimedia.org/wiki/File:Kvarnbergets_hundrastg\u00e5rd_04.jpg"
      }
    },
    {
      "type": "Feature",
      "geometry": {
        "type": "Point",
        "coordinates": [
          17.912186,
          59.380711
        ]
      },
      "properties": {
        "title": "File:Bromstens Hundpark 2025 nov - 1.jpg",
        "url": "https://commons.wikimedia.org/wiki/File:Bromstens_Hundpark_2025_nov_-_1.jpg"
      }
    },
    {
      "type": "Feature",
      "geometry": {
        "type": "Point",
        "coordinates": [
          18.055811,
          59.341992
        ]
      },
      "properties": {
        "title": "File:Hundrastplats Obsan 01.jpg",
        "url": "https://commons.wikimedia.org/wiki/File:Hundrastplats_Obsan_01.jpg"
      }
    },
    {
      "type": "Feature",
      "geometry": {
        "type": "Point",
        "coordinates": [
          18.116803,
          59.322564
        ]
      },
      "properties": {
        "title": "File:Hundg\u00e5rd, Frisens park 02.jpg",
        "url": "https://commons.wikimedia.org/wiki/File:Hundg\u00e5rd,_Frisens_park_02.jpg"
      }
    },
    {
      "type": "Feature",
      "geometry": {
        "type": "Point",
        "coordinates": [
          18.047689,
          59.354978
        ]
      },
      "properties": {
        "title": "File:Bellevueparkens Hundrastomr\u00e5de 09.jpg",
        "url": "https://commons.wikimedia.org/wiki/File:Bellevueparkens_Hundrastomr\u00e5de_09.jpg"
      }
    },
    {
      "type": "Feature",
      "geometry": {
        "type": "Point",
        "coordinates": [
          18.059836,
          59.3208
        ]
      },
      "properties": {
        "title": "File:Monteliusv\u00e4gens hundrastg\u00e5rd 07.jpg",
        "url": "https://commons.wikimedia.org/wiki/File:Monteliusv\u00e4gens_hundrastg\u00e5rd_07.jpg"
      }
    },
    {
      "type": "Feature",
      "geometry": {
        "type": "Point",
        "coordinates": [
          18.040261,
          59.339461
        ]
      },
      "properties": {
        "title": "File:Vasaparkens hundrastg\u00e5rd 05.jpg",
        "url": "https://commons.wikimedia.org/wiki/File:Vasaparkens_hundrastg\u00e5rd_05.jpg"
      }
    },
    {
      "type": "Feature",
      "geometry": {
        "type": "Point",
        "coordinates": [
          17.965319,
          59.358111
        ]
      },
      "properties": {
        "title": "File:Tuvan hundpark - Sundbyberg 2025 nov - 6.jpg",
        "url": "https://commons.wikimedia.org/wiki/File:Tuvan_hundpark_-_Sundbyberg_2025_nov_-_6.jpg"
      }
    },
    {
      "type": "Feature",
      "geometry": {
        "type": "Point",
        "coordinates": [
          18.092783,
          59.355033
        ]
      },
      "properties": {
        "title": "File:V\u00e4stra Hjorthagsparkens hundrastg\u00e5rd 08.jpg",
        "url": "https://commons.wikimedia.org/wiki/File:V\u00e4stra_Hjorthagsparkens_hundrastg\u00e5rd_08.jpg"
      }
    },
    {
      "type": "Feature",
      "geometry": {
        "type": "Point",
        "coordinates": [
          18.069944,
          59.315492
        ]
      },
      "properties": {
        "title": "File:Fatbursparkens hundrastg\u00e5rd 03.jpg",
        "url": "https://commons.wikimedia.org/wiki/File:Fatbursparkens_hundrastg\u00e5rd_03.jpg"
      }
    },
    {
      "type": "Feature",
      "geometry": {
        "type": "Point",
        "coordinates": [
          17.876578,
          59.387336
        ]
      },
      "properties": {
        "title": "File:Lunda\u00e4ngens Hundrastg\u00e5rd - Sp\u00e5nga Nov 2025 02.jpg",
        "url": "https://commons.wikimedia.org/wiki/File:Lunda\u00e4ngens_Hundrastg\u00e5rd_-_Sp\u00e5nga_Nov_2025_02.jpg"
      }
    },
    {
      "type": "Feature",
      "geometry": {
        "type": "Point",
        "coordinates": [
          18.048742,
          59.353917
        ]
      },
      "properties": {
        "title": "File:Bellevueparkens Hundrastomr\u00e5de grillplats.jpg",
        "url": "https://commons.wikimedia.org/wiki/File:Bellevueparkens_Hundrastomr\u00e5de_grillplats.jpg"
      }
    },
    {
      "type": "Feature",
      "geometry": {
        "type": "Point",
        "coordinates": [
          17.859458,
          59.364456
        ]
      },
      "properties": {
        "title": "File:Lunda\u00e4ngens Hundrastg\u00e5rd - Sp\u00e5nga 01.jpg",
        "url": "https://commons.wikimedia.org/wiki/File:Lunda\u00e4ngens_Hundrastg\u00e5rd_-_Sp\u00e5nga_01.jpg"
      }
    },
    {
      "type": "Feature",
      "geometry": {
        "type": "Point",
        "coordinates": [
          17.807711,
          59.502523
        ]
      },
      "properties": {
        "title": "File:Hundrastplats \u00c4ngsj\u00f6 friluftsomr\u00e5de 02.jpg",
        "url": "https://commons.wikimedia.org/wiki/File:Hundrastplats_\u00c4ngsj\u00f6_friluftsomr\u00e5de_02.jpg"
      }
    },
    {
      "type": "Feature",
      "geometry": {
        "type": "Point",
        "coordinates": [
          17.882067,
          59.397203
        ]
      },
      "properties": {
        "title": "File:Hjulsta hundrastg\u00e5rd 05.jpg",
        "url": "https://commons.wikimedia.org/wiki/File:Hjulsta_hundrastg\u00e5rd_05.jpg"
      }
    },
    {
      "type": "Feature",
      "geometry": {
        "type": "Point",
        "coordinates": [
          17.876458,
          59.387317
        ]
      },
      "properties": {
        "title": "File:Lunda\u00e4ngens Hundrastg\u00e5rd - Sp\u00e5nga Nov 2025 07.jpg",
        "url": "https://commons.wikimedia.org/wiki/File:Lunda\u00e4ngens_Hundrastg\u00e5rd_-_Sp\u00e5nga_Nov_2025_07.jpg"
      }
    },
    {
      "type": "Feature",
      "geometry": {
        "type": "Point",
        "coordinates": [
          18.088636,
          59.357133
        ]
      },
      "properties": {
        "title": "File:Kontorsparkens Hundrastg\u00e5rd 09.jpg",
        "url": "https://commons.wikimedia.org/wiki/File:Kontorsparkens_Hundrastg\u00e5rd_09.jpg"
      }
    },
    {
      "type": "Feature",
      "geometry": {
        "type": "Point",
        "coordinates": [
          18.036422,
          59.332122
        ]
      },
      "properties": {
        "title": "File:Kronobergsparkens hundrastg\u00e5rd 04.jpg",
        "url": "https://commons.wikimedia.org/wiki/File:Kronobergsparkens_hundrastg\u00e5rd_04.jpg"
      }
    },
    {
      "type": "Feature",
      "geometry": {
        "type": "Point",
        "coordinates": [
          18.059636,
          59.320797
        ]
      },
      "properties": {
        "title": "File:Monteliusv\u00e4gens hundrastg\u00e5rd 03.jpg",
        "url": "https://commons.wikimedia.org/wiki/File:Monteliusv\u00e4gens_hundrastg\u00e5rd_03.jpg"
      }
    },
    {
      "type": "Feature",
      "geometry": {
        "type": "Point",
        "coordinates": [
          18.049336,
          59.353383
        ]
      },
      "properties": {
        "title": "File:Bellevueparkens Hundrastomr\u00e5de 14.jpg",
        "url": "https://commons.wikimedia.org/wiki/File:Bellevueparkens_Hundrastomr\u00e5de_14.jpg"
      }
    },
    {
      "type": "Feature",
      "geometry": {
        "type": "Point",
        "coordinates": [
          18.026718,
          59.254353
        ]
      },
      "properties": {
        "title": "File:R\u00e5gsveds hundrastg\u00e5rd (cropped).jpg",
        "url": "https://commons.wikimedia.org/wiki/File:R\u00e5gsveds_hundrastg\u00e5rd_(cropped).jpg"
      }
    },
    {
      "type": "Feature",
      "geometry": {
        "type": "Point",
        "coordinates": [
          17.916231,
          59.417614
        ]
      },
      "properties": {
        "title": "File:Akalla hundrastg\u00e5rd Finlandsgatan 02.jpg",
        "url": "https://commons.wikimedia.org/wiki/File:Akalla_hundrastg\u00e5rd_Finlandsgatan_02.jpg"
      }
    },
    {
      "type": "Feature",
      "geometry": {
        "type": "Point",
        "coordinates": [
          17.938714,
          59.429858
        ]
      },
      "properties": {
        "title": "File:Hundrastg\u00e5rd - Tureberg 3 - 2.jpg",
        "url": "https://commons.wikimedia.org/wiki/File:Hundrastg\u00e5rd_-_Tureberg_3_-_2.jpg"
      }
    },
    {
      "type": "Feature",
      "geometry": {
        "type": "Point",
        "coordinates": [
          18.059428,
          59.320778
        ]
      },
      "properties": {
        "title": "File:Monteliusv\u00e4gens hundrastg\u00e5rd 08.jpg",
        "url": "https://commons.wikimedia.org/wiki/File:Monteliusv\u00e4gens_hundrastg\u00e5rd_08.jpg"
      }
    },
    {
      "type": "Feature",
      "geometry": {
        "type": "Point",
        "coordinates": [
          18.074889,
          59.351822
        ]
      },
      "properties": {
        "title": "File:Lill-Jansskogens hundrastg\u00e5rd 02.jpg",
        "url": "https://commons.wikimedia.org/wiki/File:Lill-Jansskogens_hundrastg\u00e5rd_02.jpg"
      }
    },
    {
      "type": "Feature",
      "geometry": {
        "type": "Point",
        "coordinates": [
          18.061864,
          59.309856
        ]
      },
      "properties": {
        "title": "File:Rosenlundsparkens hundrastg\u00e5rd 05.jpg",
        "url": "https://commons.wikimedia.org/wiki/File:Rosenlundsparkens_hundrastg\u00e5rd_05.jpg"
      }
    },
    {
      "type": "Feature",
      "geometry": {
        "type": "Point",
        "coordinates": [
          18.050786,
          59.319478
        ]
      },
      "properties": {
        "title": "File:Skinnarviksbergets hundrastg\u00e5rd 01.jpg",
        "url": "https://commons.wikimedia.org/wiki/File:Skinnarviksbergets_hundrastg\u00e5rd_01.jpg"
      }
    },
    {
      "type": "Feature",
      "geometry": {
        "type": "Point",
        "coordinates": [
          18.094019,
          59.345006
        ]
      },
      "properties": {
        "title": "File:Tessinparkenshundrastg\u00e5rd 01.jpg",
        "url": "https://commons.wikimedia.org/wiki/File:Tessinparkenshundrastg\u00e5rd_01.jpg"
      }
    },
    {
      "type": "Feature",
      "geometry": {
        "type": "Point",
        "coordinates": [
          17.941206,
          59.426278
        ]
      },
      "properties": {
        "title": "File:Hundrastg\u00e5rd Tureberg 02.jpg",
        "url": "https://commons.wikimedia.org/wiki/File:Hundrastg\u00e5rd_Tureberg_02.jpg"
      }
    },
    {
      "type": "Feature",
      "geometry": {
        "type": "Point",
        "coordinates": [
          17.876581,
          59.387328
        ]
      },
      "properties": {
        "title": "File:Lunda\u00e4ngens Hundrastg\u00e5rd - Sp\u00e5nga Nov 2025 03.jpg",
        "url": "https://commons.wikimedia.org/wiki/File:Lunda\u00e4ngens_Hundrastg\u00e5rd_-_Sp\u00e5nga_Nov_2025_03.jpg"
      }
    },
    {
      "type": "Feature",
      "geometry": {
        "type": "Point",
        "coordinates": [
          17.965136,
          59.358325
        ]
      },
      "properties": {
        "title": "File:Tuvan hundpark - Sundbyberg 2025 nov - 2.jpg",
        "url": "https://commons.wikimedia.org/wiki/File:Tuvan_hundpark_-_Sundbyberg_2025_nov_-_2.jpg"
      }
    },
    {
      "type": "Feature",
      "geometry": {
        "type": "Point",
        "coordinates": [
          18.041842,
          59.348747
        ]
      },
      "properties": {
        "title": "File:Sankt Eriksparkens hundrastg\u00e5rd 01.jpg",
        "url": "https://commons.wikimedia.org/wiki/File:Sankt_Eriksparkens_hundrastg\u00e5rd_01.jpg"
      }
    },
    {
      "type": "Feature",
      "geometry": {
        "type": "Point",
        "coordinates": [
          17.96545,
          59.357961
        ]
      },
      "properties": {
        "title": "File:Tuvan hundpark - Sundbyberg 2025 nov - 8.jpg",
        "url": "https://commons.wikimedia.org/wiki/File:Tuvan_hundpark_-_Sundbyberg_2025_nov_-_8.jpg"
      }
    },
    {
      "type": "Feature",
      "geometry": {
        "type": "Point",
        "coordinates": [
          18.092678,
          59.355103
        ]
      },
      "properties": {
        "title": "File:V\u00e4stra Hjorthagsparkens hundrastg\u00e5rd 05.jpg",
        "url": "https://commons.wikimedia.org/wiki/File:V\u00e4stra_Hjorthagsparkens_hundrastg\u00e5rd_05.jpg"
      }
    },
    {
      "type": "Feature",
      "geometry": {
        "type": "Point",
        "coordinates": [
          17.895058,
          59.356086
        ]
      },
      "properties": {
        "title": "File:Bekomberga hundrastg\u00e5rd 05.jpg",
        "url": "https://commons.wikimedia.org/wiki/File:Bekomberga_hundrastg\u00e5rd_05.jpg"
      }
    },
    {
      "type": "Feature",
      "geometry": {
        "type": "Point",
        "coordinates": [
          17.935025,
          59.396611
        ]
      },
      "properties": {
        "title": "File:\u00c5rvinge hundrastg\u00e5rd 08.jpg",
        "url": "https://commons.wikimedia.org/wiki/File:\u00c5rvinge_hundrastg\u00e5rd_08.jpg"
      }
    },
    {
      "type": "Feature",
      "geometry": {
        "type": "Point",
        "coordinates": [
          17.859436,
          59.364236
        ]
      },
      "properties": {
        "title": "File:Lunda\u00e4ngens Hundrastg\u00e5rd - Sp\u00e5nga 11.jpg",
        "url": "https://commons.wikimedia.org/wiki/File:Lunda\u00e4ngens_Hundrastg\u00e5rd_-_Sp\u00e5nga_11.jpg"
      }
    },
    {
      "type": "Feature",
      "geometry": {
        "type": "Point",
        "coordinates": [
          18.044011,
          59.33455
        ]
      },
      "properties": {
        "title": "File:Kvarnbergets hundrastg\u00e5rd 09.jpg",
        "url": "https://commons.wikimedia.org/wiki/File:Kvarnbergets_hundrastg\u00e5rd_09.jpg"
      }
    },
    {
      "type": "Feature",
      "geometry": {
        "type": "Point",
        "coordinates": [
          18.088189,
          59.331689
        ]
      },
      "properties": {
        "title": "File:Strandv\u00e4gens hundrastg\u00e5rd 06.jpg",
        "url": "https://commons.wikimedia.org/wiki/File:Strandv\u00e4gens_hundrastg\u00e5rd_06.jpg"
      }
    },
    {
      "type": "Feature",
      "geometry": {
        "type": "Point",
        "coordinates": [
          18.0699,
          59.315517
        ]
      },
      "properties": {
        "title": "File:Fatbursparkens hundrastg\u00e5rd 02.jpg",
        "url": "https://commons.wikimedia.org/wiki/File:Fatbursparkens_hundrastg\u00e5rd_02.jpg"
      }
    },
    {
      "type": "Feature",
      "geometry": {
        "type": "Point",
        "coordinates": [
          17.859447,
          59.36435
        ]
      },
      "properties": {
        "title": "File:Lunda\u00e4ngens Hundrastg\u00e5rd - Sp\u00e5nga 08.jpg",
        "url": "https://commons.wikimedia.org/wiki/File:Lunda\u00e4ngens_Hundrastg\u00e5rd_-_Sp\u00e5nga_08.jpg"
      }
    },
    {
      "type": "Feature",
      "geometry": {
        "type": "Point",
        "coordinates": [
          17.938714,
          59.429828
        ]
      },
      "properties": {
        "title": "File:Hundrastg\u00e5rd - Tureberg 3.jpg",
        "url": "https://commons.wikimedia.org/wiki/File:Hundrastg\u00e5rd_-_Tureberg_3.jpg"
      }
    },
    {
      "type": "Feature",
      "geometry": {
        "type": "Point",
        "coordinates": [
          17.939,
          59.429822
        ]
      },
      "properties": {
        "title": "File:Hundrastg\u00e5rd - Tureberg 3 - 5.jpg",
        "url": "https://commons.wikimedia.org/wiki/File:Hundrastg\u00e5rd_-_Tureberg_3_-_5.jpg"
      }
    },
    {
      "type": "Feature",
      "geometry": {
        "type": "Point",
        "coordinates": [
          18.018764,
          59.330792
        ]
      },
      "properties": {
        "title": "File:Konradsbergsparkens Hundrastg\u00e5rd 04.jpg",
        "url": "https://commons.wikimedia.org/wiki/File:Konradsbergsparkens_Hundrastg\u00e5rd_04.jpg"
      }
    },
    {
      "type": "Feature",
      "geometry": {
        "type": "Point",
        "coordinates": [
          17.876219,
          59.387169
        ]
      },
      "properties": {
        "title": "File:Lunda\u00e4ngens Hundrastg\u00e5rd - Sp\u00e5nga Nov 2025 04.jpg",
        "url": "https://commons.wikimedia.org/wiki/File:Lunda\u00e4ngens_Hundrastg\u00e5rd_-_Sp\u00e5nga_Nov_2025_04.jpg"
      }
    },
    {
      "type": "Feature",
      "geometry": {
        "type": "Point",
        "coordinates": [
          18.047911,
          59.355086
        ]
      },
      "properties": {
        "title": "File:Bellevueparkens Hundrastomr\u00e5de 10.jpg",
        "url": "https://commons.wikimedia.org/wiki/File:Bellevueparkens_Hundrastomr\u00e5de_10.jpg"
      }
    },
    {
      "type": "Feature",
      "geometry": {
        "type": "Point",
        "coordinates": [
          17.912533,
          59.380478
        ]
      },
      "properties": {
        "title": "File:Bromstens Hundpark 2025 nov - 5.jpg",
        "url": "https://commons.wikimedia.org/wiki/File:Bromstens_Hundpark_2025_nov_-_5.jpg"
      }
    },
    {
      "type": "Feature",
      "geometry": {
        "type": "Point",
        "coordinates": [
          18.041964,
          59.348897
        ]
      },
      "properties": {
        "title": "File:Sankt Eriksparkens hundrastg\u00e5rd 05.jpg",
        "url": "https://commons.wikimedia.org/wiki/File:Sankt_Eriksparkens_hundrastg\u00e5rd_05.jpg"
      }
    },
    {
      "type": "Feature",
      "geometry": {
        "type": "Point",
        "coordinates": [
          17.909292,
          59.410611
        ]
      },
      "properties": {
        "title": "File:Akalla hundrastg\u00e5rd, J\u00e4rvaf\u00e4ltet 06.jpg",
        "url": "https://commons.wikimedia.org/wiki/File:Akalla_hundrastg\u00e5rd,_J\u00e4rvaf\u00e4ltet_06.jpg"
      }
    },
    {
      "type": "Feature",
      "geometry": {
        "type": "Point",
        "coordinates": [
          17.818386,
          59.370003
        ]
      },
      "properties": {
        "title": "File:Oxtungans hundg\u00e5rd H\u00e4sselby 01.jpg",
        "url": "https://commons.wikimedia.org/wiki/File:Oxtungans_hundg\u00e5rd_H\u00e4sselby_01.jpg"
      }
    },
    {
      "type": "Feature",
      "geometry": {
        "type": "Point",
        "coordinates": [
          18.007531,
          59.333364
        ]
      },
      "properties": {
        "title": "File:Kristinebergs Hundrastg\u00e5rd 02.jpg",
        "url": "https://commons.wikimedia.org/wiki/File:Kristinebergs_Hundrastg\u00e5rd_02.jpg"
      }
    },
    {
      "type": "Feature",
      "geometry": {
        "type": "Point",
        "coordinates": [
          17.965211,
          59.358272
        ]
      },
      "properties": {
        "title": "File:Tuvan hundpark - Sundbyberg 2025 nov - 3.jpg",
        "url": "https://commons.wikimedia.org/wiki/File:Tuvan_hundpark_-_Sundbyberg_2025_nov_-_3.jpg"
      }
    },
    {
      "type": "Feature",
      "geometry": {
        "type": "Point",
        "coordinates": [
          17.876419,
          59.387294
        ]
      },
      "properties": {
        "title": "File:Lunda\u00e4ngens Hundrastg\u00e5rd - Sp\u00e5nga Nov 2025 05.jpg",
        "url": "https://commons.wikimedia.org/wiki/File:Lunda\u00e4ngens_Hundrastg\u00e5rd_-_Sp\u00e5nga_Nov_2025_05.jpg"
      }
    },
    {
      "type": "Feature",
      "geometry": {
        "type": "Point",
        "coordinates": [
          18.025092,
          59.335267
        ]
      },
      "properties": {
        "title": "File:Sankt G\u00f6ransparkens hundrastg\u00e5rd 11.jpg",
        "url": "https://commons.wikimedia.org/wiki/File:Sankt_G\u00f6ransparkens_hundrastg\u00e5rd_11.jpg"
      }
    },
    {
      "type": "Feature",
      "geometry": {
        "type": "Point",
        "coordinates": [
          17.859189,
          59.364303
        ]
      },
      "properties": {
        "title": "File:Lunda\u00e4ngens Hundrastg\u00e5rd - Sp\u00e5nga 05.jpg",
        "url": "https://commons.wikimedia.org/wiki/File:Lunda\u00e4ngens_Hundrastg\u00e5rd_-_Sp\u00e5nga_05.jpg"
      }
    },
    {
      "type": "Feature",
      "geometry": {
        "type": "Point",
        "coordinates": [
          18.044011,
          59.33455
        ]
      },
      "properties": {
        "title": "File:Kvarnbergets hundrastg\u00e5rd 10.jpg",
        "url": "https://commons.wikimedia.org/wiki/File:Kvarnbergets_hundrastg\u00e5rd_10.jpg"
      }
    },
    {
      "type": "Feature",
      "geometry": {
        "type": "Point",
        "coordinates": [
          17.876453,
          59.324633
        ]
      },
      "properties": {
        "title": "File:Ormholmen Hund\u00f6n Drottningholm 15.jpg",
        "url": "https://commons.wikimedia.org/wiki/File:Ormholmen_Hund\u00f6n_Drottningholm_15.jpg"
      }
    },
    {
      "type": "Feature",
      "geometry": {
        "type": "Point",
        "coordinates": [
          18.057375,
          59.316192
        ]
      },
      "properties": {
        "title": "File:Wollmar Yxkullsgatans hundrastg\u00e5rd 04.jpg",
        "url": "https://commons.wikimedia.org/wiki/File:Wollmar_Yxkullsgatans_hundrastg\u00e5rd_04.jpg"
      }
    },
    {
      "type": "Feature",
      "geometry": {
        "type": "Point",
        "coordinates": [
          17.916064,
          59.436336
        ]
      },
      "properties": {
        "title": "File:Hundrastg\u00e5rd - J\u00e4rvaf\u00e4ltet B\u00f6gs g\u00e5rd 04.jpg",
        "url": "https://commons.wikimedia.org/wiki/File:Hundrastg\u00e5rd_-_J\u00e4rvaf\u00e4ltet_B\u00f6gs_g\u00e5rd_04.jpg"
      }
    },
    {
      "type": "Feature",
      "geometry": {
        "type": "Point",
        "coordinates": [
          17.859439,
          59.364239
        ]
      },
      "properties": {
        "title": "File:Lunda\u00e4ngens Hundrastg\u00e5rd - Sp\u00e5nga 09.jpg",
        "url": "https://commons.wikimedia.org/wiki/File:Lunda\u00e4ngens_Hundrastg\u00e5rd_-_Sp\u00e5nga_09.jpg"
      }
    },
    {
      "type": "Feature",
      "geometry": {
        "type": "Point",
        "coordinates": [
          18.048747,
          59.353967
        ]
      },
      "properties": {
        "title": "File:Bellevueparkens Hundrastomr\u00e5de grillplats 02.jpg",
        "url": "https://commons.wikimedia.org/wiki/File:Bellevueparkens_Hundrastomr\u00e5de_grillplats_02.jpg"
      }
    },
    {
      "type": "Feature",
      "geometry": {
        "type": "Point",
        "coordinates": [
          17.852319,
          59.413422
        ]
      },
      "properties": {
        "title": "File:Snapphanev\u00e4gens hundrastg\u00e5rd 06.jpg",
        "url": "https://commons.wikimedia.org/wiki/File:Snapphanev\u00e4gens_hundrastg\u00e5rd_06.jpg"
      }
    },
    {
      "type": "Feature",
      "geometry": {
        "type": "Point",
        "coordinates": [
          17.852203,
          59.412972
        ]
      },
      "properties": {
        "title": "File:Snapphanev\u00e4gens hundrastg\u00e5rd 01.jpg",
        "url": "https://commons.wikimedia.org/wiki/File:Snapphanev\u00e4gens_hundrastg\u00e5rd_01.jpg"
      }
    },
    {
      "type": "Feature",
      "geometry": {
        "type": "Point",
        "coordinates": [
          18.09275,
          59.355033
        ]
      },
      "properties": {
        "title": "File:V\u00e4stra Hjorthagsparkens hundrastg\u00e5rd 07.jpg",
        "url": "https://commons.wikimedia.org/wiki/File:V\u00e4stra_Hjorthagsparkens_hundrastg\u00e5rd_07.jpg"
      }
    },
    {
      "type": "Feature",
      "geometry": {
        "type": "Point",
        "coordinates": [
          17.936761,
          59.402539
        ]
      },
      "properties": {
        "title": "File:Kvarnens hundrastg\u00e5rd 05.jpg",
        "url": "https://commons.wikimedia.org/wiki/File:Kvarnens_hundrastg\u00e5rd_05.jpg"
      }
    },
    {
      "type": "Feature",
      "geometry": {
        "type": "Point",
        "coordinates": [
          18.059369,
          59.320775
        ]
      },
      "properties": {
        "title": "File:Monteliusv\u00e4gens hundrastg\u00e5rd 05.jpg",
        "url": "https://commons.wikimedia.org/wiki/File:Monteliusv\u00e4gens_hundrastg\u00e5rd_05.jpg"
      }
    },
    {
      "type": "Feature",
      "geometry": {
        "type": "Point",
        "coordinates": [
          18.007647,
          59.333339
        ]
      },
      "properties": {
        "title": "File:Kristinebergs Hundrastg\u00e5rd 01.jpg",
        "url": "https://commons.wikimedia.org/wiki/File:Kristinebergs_Hundrastg\u00e5rd_01.jpg"
      }
    },
    {
      "type": "Feature",
      "geometry": {
        "type": "Point",
        "coordinates": [
          17.935014,
          59.396633
        ]
      },
      "properties": {
        "title": "File:\u00c5rvinge hundrastg\u00e5rd 07.jpg",
        "url": "https://commons.wikimedia.org/wiki/File:\u00c5rvinge_hundrastg\u00e5rd_07.jpg"
      }
    },
    {
      "type": "Feature",
      "geometry": {
        "type": "Point",
        "coordinates": [
          18.069925,
          59.315503
        ]
      },
      "properties": {
        "title": "File:Fatbursparkens hundrastg\u00e5rd 04.jpg",
        "url": "https://commons.wikimedia.org/wiki/File:Fatbursparkens_hundrastg\u00e5rd_04.jpg"
      }
    },
    {
      "type": "Feature",
      "geometry": {
        "type": "Point",
        "coordinates": [
          18.018075,
          59.331036
        ]
      },
      "properties": {
        "title": "File:Konradsbergsparkens Hundrastg\u00e5rd 01.jpg",
        "url": "https://commons.wikimedia.org/wiki/File:Konradsbergsparkens_Hundrastg\u00e5rd_01.jpg"
      }
    },
    {
      "type": "Feature",
      "geometry": {
        "type": "Point",
        "coordinates": [
          18.034875,
          59.344119
        ]
      },
      "properties": {
        "title": "File:Solv\u00e4ndans Hundrastg\u00e5rd.jpg",
        "url": "https://commons.wikimedia.org/wiki/File:Solv\u00e4ndans_Hundrastg\u00e5rd.jpg"
      }
    },
    {
      "type": "Feature",
      "geometry": {
        "type": "Point",
        "coordinates": [
          17.921642,
          59.405936
        ]
      },
      "properties": {
        "title": "File:Husby hundrastg\u00e5rd, Stockholm 01.jpg",
        "url": "https://commons.wikimedia.org/wiki/File:Husby_hundrastg\u00e5rd,_Stockholm_01.jpg"
      }
    },
    {
      "type": "Feature",
      "geometry": {
        "type": "Point",
        "coordinates": [
          18.093914,
          59.344964
        ]
      },
      "properties": {
        "title": "File:Tessinparkenshundrastg\u00e5rd 03.jpg",
        "url": "https://commons.wikimedia.org/wiki/File:Tessinparkenshundrastg\u00e5rd_03.jpg"
      }
    },
    {
      "type": "Feature",
      "geometry": {
        "type": "Point",
        "coordinates": [
          18.047669,
          59.3549
        ]
      },
      "properties": {
        "title": "File:Bellevueparkens Hundrastomr\u00e5de 08.jpg",
        "url": "https://commons.wikimedia.org/wiki/File:Bellevueparkens_Hundrastomr\u00e5de_08.jpg"
      }
    },
    {
      "type": "Feature",
      "geometry": {
        "type": "Point",
        "coordinates": [
          17.938739,
          59.429889
        ]
      },
      "properties": {
        "title": "File:Hundrastg\u00e5rd - Tureberg 3 - 3.jpg",
        "url": "https://commons.wikimedia.org/wiki/File:Hundrastg\u00e5rd_-_Tureberg_3_-_3.jpg"
      }
    },
    {
      "type": "Feature",
      "geometry": {
        "type": "Point",
        "coordinates": [
          17.916386,
          59.417631
        ]
      },
      "properties": {
        "title": "File:Akalla hundrastg\u00e5rd Finlandsgatan 01.jpg",
        "url": "https://commons.wikimedia.org/wiki/File:Akalla_hundrastg\u00e5rd_Finlandsgatan_01.jpg"
      }
    },
    {
      "type": "Feature",
      "geometry": {
        "type": "Point",
        "coordinates": [
          17.912406,
          59.380581
        ]
      },
      "properties": {
        "title": "File:Bromstens Hundpark 2025 nov - 3.jpg",
        "url": "https://commons.wikimedia.org/wiki/File:Bromstens_Hundpark_2025_nov_-_3.jpg"
      }
    },
    {
      "type": "Feature",
      "geometry": {
        "type": "Point",
        "coordinates": [
          17.876575,
          59.322558
        ]
      },
      "properties": {
        "title": "File:Ormholmen Hund\u00f6n Drottningholm 05.jpg",
        "url": "https://commons.wikimedia.org/wiki/File:Ormholmen_Hund\u00f6n_Drottningholm_05.jpg"
      }
    },
    {
      "type": "Feature",
      "geometry": {
        "type": "Point",
        "coordinates": [
          17.909569,
          59.410706
        ]
      },
      "properties": {
        "title": "File:Akalla hundrastg\u00e5rd, J\u00e4rvaf\u00e4ltet 01.jpg",
        "url": "https://commons.wikimedia.org/wiki/File:Akalla_hundrastg\u00e5rd,_J\u00e4rvaf\u00e4ltet_01.jpg"
      }
    },
    {
      "type": "Feature",
      "geometry": {
        "type": "Point",
        "coordinates": [
          17.912542,
          59.380481
        ]
      },
      "properties": {
        "title": "File:Bromstens Hundpark 2025 nov - 6.jpg",
        "url": "https://commons.wikimedia.org/wiki/File:Bromstens_Hundpark_2025_nov_-_6.jpg"
      }
    },
    {
      "type": "Feature",
      "geometry": {
        "type": "Point",
        "coordinates": [
          17.866736,
          59.409011
        ]
      },
      "properties": {
        "title": "File:Hundrastg\u00e5rd Kyrkparken Barkarby 03.jpg",
        "url": "https://commons.wikimedia.org/wiki/File:Hundrastg\u00e5rd_Kyrkparken_Barkarby_03.jpg"
      }
    },
    {
      "type": "Feature",
      "geometry": {
        "type": "Point",
        "coordinates": [
          18.088122,
          59.331669
        ]
      },
      "properties": {
        "title": "File:Strandv\u00e4gens hundrastg\u00e5rd 05.jpg",
        "url": "https://commons.wikimedia.org/wiki/File:Strandv\u00e4gens_hundrastg\u00e5rd_05.jpg"
      }
    },
    {
      "type": "Feature",
      "geometry": {
        "type": "Point",
        "coordinates": [
          18.044011,
          59.33455
        ]
      },
      "properties": {
        "title": "File:Kvarnbergets hundrastg\u00e5rd 08.jpg",
        "url": "https://commons.wikimedia.org/wiki/File:Kvarnbergets_hundrastg\u00e5rd_08.jpg"
      }
    },
    {
      "type": "Feature",
      "geometry": {
        "type": "Point",
        "coordinates": [
          18.059775,
          59.320806
        ]
      },
      "properties": {
        "title": "File:Monteliusv\u00e4gens hundrastg\u00e5rd 06.jpg",
        "url": "https://commons.wikimedia.org/wiki/File:Monteliusv\u00e4gens_hundrastg\u00e5rd_06.jpg"
      }
    },
    {
      "type": "Feature",
      "geometry": {
        "type": "Point",
        "coordinates": [
          18.034944,
          59.344117
        ]
      },
      "properties": {
        "title": "File:Solv\u00e4ndashundrastg\u00e5rd 05.jpg",
        "url": "https://commons.wikimedia.org/wiki/File:Solv\u00e4ndashundrastg\u00e5rd_05.jpg"
      }
    },
    {
      "type": "Feature",
      "geometry": {
        "type": "Point",
        "coordinates": [
          18.088575,
          59.3572
        ]
      },
      "properties": {
        "title": "File:Kontorsparkens Hundrastg\u00e5rd 07.jpg",
        "url": "https://commons.wikimedia.org/wiki/File:Kontorsparkens_Hundrastg\u00e5rd_07.jpg"
      }
    },
    {
      "type": "Feature",
      "geometry": {
        "type": "Point",
        "coordinates": [
          17.092765,
          58.676262
        ]
      },
      "properties": {
        "title": "File:Fr\u00f6s\u00e4ng Hundrastg\u00e5rd (cropped).jpg",
        "url": "https://commons.wikimedia.org/wiki/File:Fr\u00f6s\u00e4ng_Hundrastg\u00e5rd_(cropped).jpg"
      }
    },
    {
      "type": "Feature",
      "geometry": {
        "type": "Point",
        "coordinates": [
          17.833947,
          59.425872
        ]
      },
      "properties": {
        "title": "File:Sl\u00f6jdv\u00e4gens Hundrastg\u00e5rd 02.jpg",
        "url": "https://commons.wikimedia.org/wiki/File:Sl\u00f6jdv\u00e4gens_Hundrastg\u00e5rd_02.jpg"
      }
    },
    {
      "type": "Feature",
      "geometry": {
        "type": "Point",
        "coordinates": [
          17.838458,
          59.416094
        ]
      },
      "properties": {
        "title": "File:S\u00f6derh\u00f6jdens Hundrastg\u00e5rd 01.jpg",
        "url": "https://commons.wikimedia.org/wiki/File:S\u00f6derh\u00f6jdens_Hundrastg\u00e5rd_01.jpg"
      }
    },
    {
      "type": "Feature",
      "geometry": {
        "type": "Point",
        "coordinates": [
          18.036331,
          59.332214
        ]
      },
      "properties": {
        "title": "File:Kronobergsparkens hundrastg\u00e5rd 01.jpg",
        "url": "https://commons.wikimedia.org/wiki/File:Kronobergsparkens_hundrastg\u00e5rd_01.jpg"
      }
    },
    {
      "type": "Feature",
      "geometry": {
        "type": "Point",
        "coordinates": [
          18.043989,
          59.334278
        ]
      },
      "properties": {
        "title": "File:Kvarnbergets hundrastg\u00e5rd 03.jpg",
        "url": "https://commons.wikimedia.org/wiki/File:Kvarnbergets_hundrastg\u00e5rd_03.jpg"
      }
    },
    {
      "type": "Feature",
      "geometry": {
        "type": "Point",
        "coordinates": [
          18.088553,
          59.357175
        ]
      },
      "properties": {
        "title": "File:Kontorsparkens Hundrastg\u00e5rd 05.jpg",
        "url": "https://commons.wikimedia.org/wiki/File:Kontorsparkens_Hundrastg\u00e5rd_05.jpg"
      }
    },
    {
      "type": "Feature",
      "geometry": {
        "type": "Point",
        "coordinates": [
          17.876178,
          59.321483
        ]
      },
      "properties": {
        "title": "File:Ormholmen Hund\u00f6n Drottningholm 02.jpg",
        "url": "https://commons.wikimedia.org/wiki/File:Ormholmen_Hund\u00f6n_Drottningholm_02.jpg"
      }
    },
    {
      "type": "Feature",
      "geometry": {
        "type": "Point",
        "coordinates": [
          18.103506,
          59.344547
        ]
      },
      "properties": {
        "title": "File:Kampementsbackens hundrastg\u00e5rd 08.jpg",
        "url": "https://commons.wikimedia.org/wiki/File:Kampementsbackens_hundrastg\u00e5rd_08.jpg"
      }
    },
    {
      "type": "Feature",
      "geometry": {
        "type": "Point",
        "coordinates": [
          17.916553,
          59.436328
        ]
      },
      "properties": {
        "title": "File:Hundrastg\u00e5rd - J\u00e4rvaf\u00e4ltet B\u00f6gs g\u00e5rd 02.jpg",
        "url": "https://commons.wikimedia.org/wiki/File:Hundrastg\u00e5rd_-_J\u00e4rvaf\u00e4ltet_B\u00f6gs_g\u00e5rd_02.jpg"
      }
    },
    {
      "type": "Feature",
      "geometry": {
        "type": "Point",
        "coordinates": [
          17.87655,
          59.322608
        ]
      },
      "properties": {
        "title": "File:Ormholmen Hund\u00f6n Drottningholm 06.jpg",
        "url": "https://commons.wikimedia.org/wiki/File:Ormholmen_Hund\u00f6n_Drottningholm_06.jpg"
      }
    },
    {
      "type": "Feature",
      "geometry": {
        "type": "Point",
        "coordinates": [
          18.103689,
          59.344272
        ]
      },
      "properties": {
        "title": "File:Kampementsbackens hundrastg\u00e5rd 10.jpg",
        "url": "https://commons.wikimedia.org/wiki/File:Kampementsbackens_hundrastg\u00e5rd_10.jpg"
      }
    },
    {
      "type": "Feature",
      "geometry": {
        "type": "Point",
        "coordinates": [
          17.909333,
          59.410636
        ]
      },
      "properties": {
        "title": "File:Akalla hundrastg\u00e5rd, J\u00e4rvaf\u00e4ltet 04.jpg",
        "url": "https://commons.wikimedia.org/wiki/File:Akalla_hundrastg\u00e5rd,_J\u00e4rvaf\u00e4ltet_04.jpg"
      }
    },
    {
      "type": "Feature",
      "geometry": {
        "type": "Point",
        "coordinates": [
          18.0938,
          59.344936
        ]
      },
      "properties": {
        "title": "File:Tessinparkenshundrastg\u00e5rd 06.jpg",
        "url": "https://commons.wikimedia.org/wiki/File:Tessinparkenshundrastg\u00e5rd_06.jpg"
      }
    },
    {
      "type": "Feature",
      "geometry": {
        "type": "Point",
        "coordinates": [
          18.055758,
          59.341975
        ]
      },
      "properties": {
        "title": "File:Hundrastplats Obsan 03.jpg",
        "url": "https://commons.wikimedia.org/wiki/File:Hundrastplats_Obsan_03.jpg"
      }
    },
    {
      "type": "Feature",
      "geometry": {
        "type": "Point",
        "coordinates": [
          17.992094,
          59.334453
        ]
      },
      "properties": {
        "title": "File:Tranebergs hundrastg\u00e5rd 01.jpg",
        "url": "https://commons.wikimedia.org/wiki/File:Tranebergs_hundrastg\u00e5rd_01.jpg"
      }
    },
    {
      "type": "Feature",
      "geometry": {
        "type": "Point",
        "coordinates": [
          17.8776,
          59.343739
        ]
      },
      "properties": {
        "title": "File:Blackebergsbackens hundrastg\u00e5rd 02.jpg",
        "url": "https://commons.wikimedia.org/wiki/File:Blackebergsbackens_hundrastg\u00e5rd_02.jpg"
      }
    },
    {
      "type": "Feature",
      "geometry": {
        "type": "Point",
        "coordinates": [
          18.024869,
          59.335183
        ]
      },
      "properties": {
        "title": "File:Sankt G\u00f6ransparkens hundrastg\u00e5rd 07.jpg",
        "url": "https://commons.wikimedia.org/wiki/File:Sankt_G\u00f6ransparkens_hundrastg\u00e5rd_07.jpg"
      }
    },
    {
      "type": "Feature",
      "geometry": {
        "type": "Point",
        "coordinates": [
          18.007458,
          59.333397
        ]
      },
      "properties": {
        "title": "File:Kristinebergs Hundrastg\u00e5rd 04.jpg",
        "url": "https://commons.wikimedia.org/wiki/File:Kristinebergs_Hundrastg\u00e5rd_04.jpg"
      }
    },
    {
      "type": "Feature",
      "geometry": {
        "type": "Point",
        "coordinates": [
          17.939086,
          59.429808
        ]
      },
      "properties": {
        "title": "File:Hundrastg\u00e5rd - Tureberg 3 - 6.jpg",
        "url": "https://commons.wikimedia.org/wiki/File:Hundrastg\u00e5rd_-_Tureberg_3_-_6.jpg"
      }
    },
    {
      "type": "Feature",
      "geometry": {
        "type": "Point",
        "coordinates": [
          18.007472,
          59.333389
        ]
      },
      "properties": {
        "title": "File:Kristinebergs Hundrastg\u00e5rd 03.jpg",
        "url": "https://commons.wikimedia.org/wiki/File:Kristinebergs_Hundrastg\u00e5rd_03.jpg"
      }
    },
    {
      "type": "Feature",
      "geometry": {
        "type": "Point",
        "coordinates": [
          18.044011,
          59.334544
        ]
      },
      "properties": {
        "title": "File:Kvarnbergets hundrastg\u00e5rd 11.jpg",
        "url": "https://commons.wikimedia.org/wiki/File:Kvarnbergets_hundrastg\u00e5rd_11.jpg"
      }
    },
    {
      "type": "Feature",
      "geometry": {
        "type": "Point",
        "coordinates": [
          17.877603,
          59.343772
        ]
      },
      "properties": {
        "title": "File:Blackebergsbackens hundrastg\u00e5rd 03.jpg",
        "url": "https://commons.wikimedia.org/wiki/File:Blackebergsbackens_hundrastg\u00e5rd_03.jpg"
      }
    },
    {
      "type": "Feature",
      "geometry": {
        "type": "Point",
        "coordinates": [
          18.056942,
          59.316131
        ]
      },
      "properties": {
        "title": "File:Wollmar Yxkullsgatans hundrastg\u00e5rd 02.jpg",
        "url": "https://commons.wikimedia.org/wiki/File:Wollmar_Yxkullsgatans_hundrastg\u00e5rd_02.jpg"
      }
    },
    {
      "type": "Feature",
      "geometry": {
        "type": "Point",
        "coordinates": [
          18.072944,
          59.309094
        ]
      },
      "properties": {
        "title": "File:\u00c4lvsborgsgatans hundrastplsts 03.jpg",
        "url": "https://commons.wikimedia.org/wiki/File:\u00c4lvsborgsgatans_hundrastplsts_03.jpg"
      }
    },
    {
      "type": "Feature",
      "geometry": {
        "type": "Point",
        "coordinates": [
          17.936694,
          59.402614
        ]
      },
      "properties": {
        "title": "File:Kvarnens hundrastg\u00e5rd 08.jpg",
        "url": "https://commons.wikimedia.org/wiki/File:Kvarnens_hundrastg\u00e5rd_08.jpg"
      }
    },
    {
      "type": "Feature",
      "geometry": {
        "type": "Point",
        "coordinates": [
          18.103444,
          59.344592
        ]
      },
      "properties": {
        "title": "File:Kampementsbackens hundrastg\u00e5rd 07.jpg",
        "url": "https://commons.wikimedia.org/wiki/File:Kampementsbackens_hundrastg\u00e5rd_07.jpg"
      }
    },
    {
      "type": "Feature",
      "geometry": {
        "type": "Point",
        "coordinates": [
          18.069928,
          59.315506
        ]
      },
      "properties": {
        "title": "File:Fatbursparkens hundrastg\u00e5rd 05.jpg",
        "url": "https://commons.wikimedia.org/wiki/File:Fatbursparkens_hundrastg\u00e5rd_05.jpg"
      }
    },
    {
      "type": "Feature",
      "geometry": {
        "type": "Point",
        "coordinates": [
          17.912564,
          59.380478
        ]
      },
      "properties": {
        "title": "File:Bromstens Hundpark 2025 nov - 8.jpg",
        "url": "https://commons.wikimedia.org/wiki/File:Bromstens_Hundpark_2025_nov_-_8.jpg"
      }
    },
    {
      "type": "Feature",
      "geometry": {
        "type": "Point",
        "coordinates": [
          18.087608,
          59.331647
        ]
      },
      "properties": {
        "title": "File:Strandv\u00e4gens hundrastg\u00e5rd 01.jpg",
        "url": "https://commons.wikimedia.org/wiki/File:Strandv\u00e4gens_hundrastg\u00e5rd_01.jpg"
      }
    },
    {
      "type": "Feature",
      "geometry": {
        "type": "Point",
        "coordinates": [
          17.818461,
          59.370017
        ]
      },
      "properties": {
        "title": "File:Oxtungans hundg\u00e5rd H\u00e4sselby 04.jpg",
        "url": "https://commons.wikimedia.org/wiki/File:Oxtungans_hundg\u00e5rd_H\u00e4sselby_04.jpg"
      }
    },
    {
      "type": "Feature",
      "geometry": {
        "type": "Point",
        "coordinates": [
          17.936903,
          59.402497
        ]
      },
      "properties": {
        "title": "File:Kvarnens hundrastg\u00e5rd 04.jpg",
        "url": "https://commons.wikimedia.org/wiki/File:Kvarnens_hundrastg\u00e5rd_04.jpg"
      }
    },
    {
      "type": "Feature",
      "geometry": {
        "type": "Point",
        "coordinates": [
          18.070464,
          59.338842
        ]
      },
      "properties": {
        "title": "File:Humleg\u00e5rdens hundpark 02.jpg",
        "url": "https://commons.wikimedia.org/wiki/File:Humleg\u00e5rdens_hundpark_02.jpg"
      }
    },
    {
      "type": "Feature",
      "geometry": {
        "type": "Point",
        "coordinates": [
          17.965328,
          59.358078
        ]
      },
      "properties": {
        "title": "File:Tuvan hundpark - Sundbyberg 2025 nov - 9.jpg",
        "url": "https://commons.wikimedia.org/wiki/File:Tuvan_hundpark_-_Sundbyberg_2025_nov_-_9.jpg"
      }
    },
    {
      "type": "Feature",
      "geometry": {
        "type": "Point",
        "coordinates": [
          18.061275,
          59.314525
        ]
      },
      "properties": {
        "title": "File:Wollmar Yxkullsgatans hundrastg\u00e5rd 06.jpg",
        "url": "https://commons.wikimedia.org/wiki/File:Wollmar_Yxkullsgatans_hundrastg\u00e5rd_06.jpg"
      }
    },
    {
      "type": "Feature",
      "geometry": {
        "type": "Point",
        "coordinates": [
          17.092765,
          58.676262
        ]
      },
      "properties": {
        "title": "File:Fr\u00f6s\u00e4ng Hundrastg\u00e5rd.jpg",
        "url": "https://commons.wikimedia.org/wiki/File:Fr\u00f6s\u00e4ng_Hundrastg\u00e5rd.jpg"
      }
    },
    {
      "type": "Feature",
      "geometry": {
        "type": "Point",
        "coordinates": [
          13.393889,
          55.601111
        ]
      },
      "properties": {
        "title": "File:Genarp Hundrastg\u00e5rd entrance.jpg",
        "url": "https://commons.wikimedia.org/wiki/File:Genarp_Hundrastg\u00e5rd_entrance.jpg"
      }
    },
    {
      "type": "Feature",
      "geometry": {
        "type": "Point",
        "coordinates": [
          17.895094,
          59.356103
        ]
      },
      "properties": {
        "title": "File:Bekomberga hundrastg\u00e5rd 01.jpg",
        "url": "https://commons.wikimedia.org/wiki/File:Bekomberga_hundrastg\u00e5rd_01.jpg"
      }
    },
    {
      "type": "Feature",
      "geometry": {
        "type": "Point",
        "coordinates": [
          18.035325,
          59.343925
        ]
      },
      "properties": {
        "title": "File:Solv\u00e4ndashundrastg\u00e5rd 07.jpg",
        "url": "https://commons.wikimedia.org/wiki/File:Solv\u00e4ndashundrastg\u00e5rd_07.jpg"
      }
    },
    {
      "type": "Feature",
      "geometry": {
        "type": "Point",
        "coordinates": [
          17.8385,
          59.416092
        ]
      },
      "properties": {
        "title": "File:S\u00f6derh\u00f6jdens Hundrastg\u00e5rd 02.jpg",
        "url": "https://commons.wikimedia.org/wiki/File:S\u00f6derh\u00f6jdens_Hundrastg\u00e5rd_02.jpg"
      }
    },
    {
      "type": "Feature",
      "geometry": {
        "type": "Point",
        "coordinates": [
          18.070803,
          59.339172
        ]
      },
      "properties": {
        "title": "File:Humleg\u00e5rdens hundpark 03.jpg",
        "url": "https://commons.wikimedia.org/wiki/File:Humleg\u00e5rdens_hundpark_03.jpg"
      }
    },
    {
      "type": "Feature",
      "geometry": {
        "type": "Point",
        "coordinates": [
          17.859056,
          59.364344
        ]
      },
      "properties": {
        "title": "File:Lunda\u00e4ngens Hundrastg\u00e5rd - Sp\u00e5nga 06.jpg",
        "url": "https://commons.wikimedia.org/wiki/File:Lunda\u00e4ngens_Hundrastg\u00e5rd_-_Sp\u00e5nga_06.jpg"
      }
    },
    {
      "type": "Feature",
      "geometry": {
        "type": "Point",
        "coordinates": [
          18.088414,
          59.356944
        ]
      },
      "properties": {
        "title": "File:Kontorsparkens Hundrastg\u00e5rd 01.jpg",
        "url": "https://commons.wikimedia.org/wiki/File:Kontorsparkens_Hundrastg\u00e5rd_01.jpg"
      }
    },
    {
      "type": "Feature",
      "geometry": {
        "type": "Point",
        "coordinates": [
          17.852344,
          59.412964
        ]
      },
      "properties": {
        "title": "File:Snapphanev\u00e4gens hundrastg\u00e5rd 02.jpg",
        "url": "https://commons.wikimedia.org/wiki/File:Snapphanev\u00e4gens_hundrastg\u00e5rd_02.jpg"
      }
    },
    {
      "type": "Feature",
      "geometry": {
        "type": "Point",
        "coordinates": [
          17.912303,
          59.380642
        ]
      },
      "properties": {
        "title": "File:Bromstens Hundpark 2025 nov - 2.jpg",
        "url": "https://commons.wikimedia.org/wiki/File:Bromstens_Hundpark_2025_nov_-_2.jpg"
      }
    },
    {
      "type": "Feature",
      "geometry": {
        "type": "Point",
        "coordinates": [
          18.036486,
          59.332006
        ]
      },
      "properties": {
        "title": "File:Kronobergsparkens hundrastg\u00e5rd 09.jpg",
        "url": "https://commons.wikimedia.org/wiki/File:Kronobergsparkens_hundrastg\u00e5rd_09.jpg"
      }
    },
    {
      "type": "Feature",
      "geometry": {
        "type": "Point",
        "coordinates": [
          18.044017,
          59.334203
        ]
      },
      "properties": {
        "title": "File:Kvarnbergets hundrastg\u00e5rd 01.jpg",
        "url": "https://commons.wikimedia.org/wiki/File:Kvarnbergets_hundrastg\u00e5rd_01.jpg"
      }
    },
    {
      "type": "Feature",
      "geometry": {
        "type": "Point",
        "coordinates": [
          17.833947,
          59.425894
        ]
      },
      "properties": {
        "title": "File:Sl\u00f6jdv\u00e4gens Hundrastg\u00e5rd 03.jpg",
        "url": "https://commons.wikimedia.org/wiki/File:Sl\u00f6jdv\u00e4gens_Hundrastg\u00e5rd_03.jpg"
      }
    },
    {
      "type": "Feature",
      "geometry": {
        "type": "Point",
        "coordinates": [
          18.040178,
          59.339414
        ]
      },
      "properties": {
        "title": "File:Vasaparkens hundrastg\u00e5rd 01.jpg",
        "url": "https://commons.wikimedia.org/wiki/File:Vasaparkens_hundrastg\u00e5rd_01.jpg"
      }
    },
    {
      "type": "Feature",
      "geometry": {
        "type": "Point",
        "coordinates": [
          17.921556,
          59.405978
        ]
      },
      "properties": {
        "title": "File:Husby hundrastg\u00e5rd, Stockholm 03.jpg",
        "url": "https://commons.wikimedia.org/wiki/File:Husby_hundrastg\u00e5rd,_Stockholm_03.jpg"
      }
    },
    {
      "type": "Feature",
      "geometry": {
        "type": "Point",
        "coordinates": [
          18.040225,
          59.339469
        ]
      },
      "properties": {
        "title": "File:Vasaparkens hundrastg\u00e5rd 04.jpg",
        "url": "https://commons.wikimedia.org/wiki/File:Vasaparkens_hundrastg\u00e5rd_04.jpg"
      }
    },
    {
      "type": "Feature",
      "geometry": {
        "type": "Point",
        "coordinates": [
          17.859442,
          59.364228
        ]
      },
      "properties": {
        "title": "File:Lunda\u00e4ngens Hundrastg\u00e5rd - Sp\u00e5nga 10.jpg",
        "url": "https://commons.wikimedia.org/wiki/File:Lunda\u00e4ngens_Hundrastg\u00e5rd_-_Sp\u00e5nga_10.jpg"
      }
    },
    {
      "type": "Feature",
      "geometry": {
        "type": "Point",
        "coordinates": [
          18.103094,
          59.344422
        ]
      },
      "properties": {
        "title": "File:Kampementsbackens hundrastg\u00e5rd 15.jpg",
        "url": "https://commons.wikimedia.org/wiki/File:Kampementsbackens_hundrastg\u00e5rd_15.jpg"
      }
    },
    {
      "type": "Feature",
      "geometry": {
        "type": "Point",
        "coordinates": [
          18.050714,
          59.319503
        ]
      },
      "properties": {
        "title": "File:Skinnarviksbergets hundrastg\u00e5rd 05.jpg",
        "url": "https://commons.wikimedia.org/wiki/File:Skinnarviksbergets_hundrastg\u00e5rd_05.jpg"
      }
    },
    {
      "type": "Feature",
      "geometry": {
        "type": "Point",
        "coordinates": [
          18.093911,
          59.344964
        ]
      },
      "properties": {
        "title": "File:Tessinparkenshundrastg\u00e5rd 02.jpg",
        "url": "https://commons.wikimedia.org/wiki/File:Tessinparkenshundrastg\u00e5rd_02.jpg"
      }
    },
    {
      "type": "Feature",
      "geometry": {
        "type": "Point",
        "coordinates": [
          17.992069,
          59.33445
        ]
      },
      "properties": {
        "title": "File:Tranebergs hundrastg\u00e5rd 03.jpg",
        "url": "https://commons.wikimedia.org/wiki/File:Tranebergs_hundrastg\u00e5rd_03.jpg"
      }
    },
    {
      "type": "Feature",
      "geometry": {
        "type": "Point",
        "coordinates": [
          18.035056,
          59.343994
        ]
      },
      "properties": {
        "title": "File:Solv\u00e4ndashundrastg\u00e5rd 06.jpg",
        "url": "https://commons.wikimedia.org/wiki/File:Solv\u00e4ndashundrastg\u00e5rd_06.jpg"
      }
    },
    {
      "type": "Feature",
      "geometry": {
        "type": "Point",
        "coordinates": [
          17.909467,
          59.410675
        ]
      },
      "properties": {
        "title": "File:Akalla hundrastg\u00e5rd, J\u00e4rvaf\u00e4ltet 03.jpg",
        "url": "https://commons.wikimedia.org/wiki/File:Akalla_hundrastg\u00e5rd,_J\u00e4rvaf\u00e4ltet_03.jpg"
      }
    },
    {
      "type": "Feature",
      "geometry": {
        "type": "Point",
        "coordinates": [
          17.921347,
          59.406094
        ]
      },
      "properties": {
        "title": "File:Husby hundrastg\u00e5rd, Stockholm 04.jpg",
        "url": "https://commons.wikimedia.org/wiki/File:Husby_hundrastg\u00e5rd,_Stockholm_04.jpg"
      }
    },
    {
      "type": "Feature",
      "geometry": {
        "type": "Point",
        "coordinates": [
          18.103594,
          59.344269
        ]
      },
      "properties": {
        "title": "File:Kampementsbackens hundrastg\u00e5rd 11.jpg",
        "url": "https://commons.wikimedia.org/wiki/File:Kampementsbackens_hundrastg\u00e5rd_11.jpg"
      }
    },
    {
      "type": "Feature",
      "geometry": {
        "type": "Point",
        "coordinates": [
          18.103361,
          59.344758
        ]
      },
      "properties": {
        "title": "File:Kampementsbackens hundrastg\u00e5rd 03.jpg",
        "url": "https://commons.wikimedia.org/wiki/File:Kampementsbackens_hundrastg\u00e5rd_03.jpg"
      }
    },
    {
      "type": "Feature",
      "geometry": {
        "type": "Point",
        "coordinates": [
          18.055614,
          59.348069
        ]
      },
      "properties": {
        "title": "File:Vanadislundens hundrastg\u00e5rd 02.jpg",
        "url": "https://commons.wikimedia.org/wiki/File:Vanadislundens_hundrastg\u00e5rd_02.jpg"
      }
    },
    {
      "type": "Feature",
      "geometry": {
        "type": "Point",
        "coordinates": [
          18.070522,
          59.338847
        ]
      },
      "properties": {
        "title": "File:Humleg\u00e5rdens hundpark 01.jpg",
        "url": "https://commons.wikimedia.org/wiki/File:Humleg\u00e5rdens_hundpark_01.jpg"
      }
    },
    {
      "type": "Feature",
      "geometry": {
        "type": "Point",
        "coordinates": [
          18.059211,
          59.320794
        ]
      },
      "properties": {
        "title": "File:Monteliusv\u00e4gens hundrastg\u00e5rd 01.jpg",
        "url": "https://commons.wikimedia.org/wiki/File:Monteliusv\u00e4gens_hundrastg\u00e5rd_01.jpg"
      }
    },
    {
      "type": "Feature",
      "geometry": {
        "type": "Point",
        "coordinates": [
          17.866883,
          59.409069
        ]
      },
      "properties": {
        "title": "File:Hundrastg\u00e5rd Kyrkparken Barkarby 07.jpg",
        "url": "https://commons.wikimedia.org/wiki/File:Hundrastg\u00e5rd_Kyrkparken_Barkarby_07.jpg"
      }
    },
    {
      "type": "Feature",
      "geometry": {
        "type": "Point",
        "coordinates": [
          17.941661,
          59.425872
        ]
      },
      "properties": {
        "title": "File:Hundrastg\u00e5rd Tureberg 04.jpg",
        "url": "https://commons.wikimedia.org/wiki/File:Hundrastg\u00e5rd_Tureberg_04.jpg"
      }
    },
    {
      "type": "Feature",
      "geometry": {
        "type": "Point",
        "coordinates": [
          17.866872,
          59.409069
        ]
      },
      "properties": {
        "title": "File:Hundrastg\u00e5rd Kyrkparken Barkarby 06.jpg",
        "url": "https://commons.wikimedia.org/wiki/File:Hundrastg\u00e5rd_Kyrkparken_Barkarby_06.jpg"
      }
    },
    {
      "type": "Feature",
      "geometry": {
        "type": "Point",
        "coordinates": [
          17.852158,
          59.413308
        ]
      },
      "properties": {
        "title": "File:Snapphanev\u00e4gens hundrastg\u00e5rd 04.jpg",
        "url": "https://commons.wikimedia.org/wiki/File:Snapphanev\u00e4gens_hundrastg\u00e5rd_04.jpg"
      }
    },
    {
      "type": "Feature",
      "geometry": {
        "type": "Point",
        "coordinates": [
          18.057444,
          59.316228
        ]
      },
      "properties": {
        "title": "File:Wollmar Yxkullsgatans hundrastg\u00e5rd 05.jpg",
        "url": "https://commons.wikimedia.org/wiki/File:Wollmar_Yxkullsgatans_hundrastg\u00e5rd_05.jpg"
      }
    },
    {
      "type": "Feature",
      "geometry": {
        "type": "Point",
        "coordinates": [
          18.092761,
          59.355361
        ]
      },
      "properties": {
        "title": "File:V\u00e4stra Hjorthagsparkens hundrastg\u00e5rd 02.jpg",
        "url": "https://commons.wikimedia.org/wiki/File:V\u00e4stra_Hjorthagsparkens_hundrastg\u00e5rd_02.jpg"
      }
    },
    {
      "type": "Feature",
      "geometry": {
        "type": "Point",
        "coordinates": [
          18.050767,
          59.3195
        ]
      },
      "properties": {
        "title": "File:Skinnarviksbergets hundrastg\u00e5rd 06.jpg",
        "url": "https://commons.wikimedia.org/wiki/File:Skinnarviksbergets_hundrastg\u00e5rd_06.jpg"
      }
    },
    {
      "type": "Feature",
      "geometry": {
        "type": "Point",
        "coordinates": [
          17.833936,
          59.425872
        ]
      },
      "properties": {
        "title": "File:Sl\u00f6jdv\u00e4gens Hundrastg\u00e5rd 01.jpg",
        "url": "https://commons.wikimedia.org/wiki/File:Sl\u00f6jdv\u00e4gens_Hundrastg\u00e5rd_01.jpg"
      }
    },
    {
      "type": "Feature",
      "geometry": {
        "type": "Point",
        "coordinates": [
          18.049172,
          59.354058
        ]
      },
      "properties": {
        "title": "File:Bellevueparkens Hundrastomr\u00e5de 12.jpg",
        "url": "https://commons.wikimedia.org/wiki/File:Bellevueparkens_Hundrastomr\u00e5de_12.jpg"
      }
    },
    {
      "type": "Feature",
      "geometry": {
        "type": "Point",
        "coordinates": [
          18.088156,
          59.331647
        ]
      },
      "properties": {
        "title": "File:Strandv\u00e4gens hundrastg\u00e5rd 03.jpg",
        "url": "https://commons.wikimedia.org/wiki/File:Strandv\u00e4gens_hundrastg\u00e5rd_03.jpg"
      }
    },
    {
      "type": "Feature",
      "geometry": {
        "type": "Point",
        "coordinates": [
          17.937064,
          59.402206
        ]
      },
      "properties": {
        "title": "File:Kvarnens hundrastg\u00e5rd 01.jpg",
        "url": "https://commons.wikimedia.org/wiki/File:Kvarnens_hundrastg\u00e5rd_01.jpg"
      }
    },
    {
      "type": "Feature",
      "geometry": {
        "type": "Point",
        "coordinates": [
          18.026718,
          59.254353
        ]
      },
      "properties": {
        "title": "File:R\u00e5gsveds hundrastg\u00e5rd.jpg",
        "url": "https://commons.wikimedia.org/wiki/File:R\u00e5gsveds_hundrastg\u00e5rd.jpg"
      }
    },
    {
      "type": "Feature",
      "geometry": {
        "type": "Point",
        "coordinates": [
          17.941417,
          59.426036
        ]
      },
      "properties": {
        "title": "File:Hundrastg\u00e5rd Tureberg 03.jpg",
        "url": "https://commons.wikimedia.org/wiki/File:Hundrastg\u00e5rd_Tureberg_03.jpg"
      }
    },
    {
      "type": "Feature",
      "geometry": {
        "type": "Point",
        "coordinates": [
          18.024917,
          59.335236
        ]
      },
      "properties": {
        "title": "File:Sankt G\u00f6ransparkens hundrastg\u00e5rd 08.jpg",
        "url": "https://commons.wikimedia.org/wiki/File:Sankt_G\u00f6ransparkens_hundrastg\u00e5rd_08.jpg"
      }
    },
    {
      "type": "Feature",
      "geometry": {
        "type": "Point",
        "coordinates": [
          17.859553,
          59.364453
        ]
      },
      "properties": {
        "title": "File:Lunda\u00e4ngens Hundrastg\u00e5rd - Sp\u00e5nga 03.jpg",
        "url": "https://commons.wikimedia.org/wiki/File:Lunda\u00e4ngens_Hundrastg\u00e5rd_-_Sp\u00e5nga_03.jpg"
      }
    },
    {
      "type": "Feature",
      "geometry": {
        "type": "Point",
        "coordinates": [
          18.048294,
          59.354622
        ]
      },
      "properties": {
        "title": "File:Bellevueparkens Hundrastomr\u00e5de 11.jpg",
        "url": "https://commons.wikimedia.org/wiki/File:Bellevueparkens_Hundrastomr\u00e5de_11.jpg"
      }
    },
    {
      "type": "Feature",
      "geometry": {
        "type": "Point",
        "coordinates": [
          17.935114,
          59.396872
        ]
      },
      "properties": {
        "title": "File:\u00c5rvinge hundrastg\u00e5rd 05.jpg",
        "url": "https://commons.wikimedia.org/wiki/File:\u00c5rvinge_hundrastg\u00e5rd_05.jpg"
      }
    },
    {
      "type": "Feature",
      "geometry": {
        "type": "Point",
        "coordinates": [
          18.036331,
          59.332214
        ]
      },
      "properties": {
        "title": "File:Kronobergsparkens hundrastg\u00e5rd 02.jpg",
        "url": "https://commons.wikimedia.org/wiki/File:Kronobergsparkens_hundrastg\u00e5rd_02.jpg"
      }
    },
    {
      "type": "Feature",
      "geometry": {
        "type": "Point",
        "coordinates": [
          18.047842,
          59.353942
        ]
      },
      "properties": {
        "title": "File:Bellevueparkens Hundrastomr\u00e5de 06.jpg",
        "url": "https://commons.wikimedia.org/wiki/File:Bellevueparkens_Hundrastomr\u00e5de_06.jpg"
      }
    },
    {
      "type": "Feature",
      "geometry": {
        "type": "Point",
        "coordinates": [
          17.876603,
          59.322394
        ]
      },
      "properties": {
        "title": "File:Ormholmen Hund\u00f6n Drottningholm 04.jpg",
        "url": "https://commons.wikimedia.org/wiki/File:Ormholmen_Hund\u00f6n_Drottningholm_04.jpg"
      }
    },
    {
      "type": "Feature",
      "geometry": {
        "type": "Point",
        "coordinates": [
          17.909261,
          59.410572
        ]
      },
      "properties": {
        "title": "File:Akalla hundrastg\u00e5rd, J\u00e4rvaf\u00e4ltet 05.jpg",
        "url": "https://commons.wikimedia.org/wiki/File:Akalla_hundrastg\u00e5rd,_J\u00e4rvaf\u00e4ltet_05.jpg"
      }
    },
    {
      "type": "Feature",
      "geometry": {
        "type": "Point",
        "coordinates": [
          17.935325,
          59.396886
        ]
      },
      "properties": {
        "title": "File:\u00c5rvinge hundrastg\u00e5rd 04.jpg",
        "url": "https://commons.wikimedia.org/wiki/File:\u00c5rvinge_hundrastg\u00e5rd_04.jpg"
      }
    },
    {
      "type": "Feature",
      "geometry": {
        "type": "Point",
        "coordinates": [
          17.876181,
          59.321486
        ]
      },
      "properties": {
        "title": "File:Ormholmen Hund\u00f6n Drottningholm 01.jpg",
        "url": "https://commons.wikimedia.org/wiki/File:Ormholmen_Hund\u00f6n_Drottningholm_01.jpg"
      }
    },
    {
      "type": "Feature",
      "geometry": {
        "type": "Point",
        "coordinates": [
          17.965339,
          59.358089
        ]
      },
      "properties": {
        "title": "File:Tuvan hundpark - Sundbyberg 2025 nov - 5.jpg",
        "url": "https://commons.wikimedia.org/wiki/File:Tuvan_hundpark_-_Sundbyberg_2025_nov_-_5.jpg"
      }
    },
    {
      "type": "Feature",
      "geometry": {
        "type": "Point",
        "coordinates": [
          17.938764,
          59.429825
        ]
      },
      "properties": {
        "title": "File:Hundrastg\u00e5rd - Tureberg 3 - 4.jpg",
        "url": "https://commons.wikimedia.org/wiki/File:Hundrastg\u00e5rd_-_Tureberg_3_-_4.jpg"
      }
    },
    {
      "type": "Feature",
      "geometry": {
        "type": "Point",
        "coordinates": [
          17.876381,
          59.387233
        ]
      },
      "properties": {
        "title": "File:Lunda\u00e4ngens Hundrastg\u00e5rd - Sp\u00e5nga Nov 2025 06.jpg",
        "url": "https://commons.wikimedia.org/wiki/File:Lunda\u00e4ngens_Hundrastg\u00e5rd_-_Sp\u00e5nga_Nov_2025_06.jpg"
      }
    },
    {
      "type": "Feature",
      "geometry": {
        "type": "Point",
        "coordinates": [
          18.059189,
          59.320778
        ]
      },
      "properties": {
        "title": "File:Monteliusv\u00e4gens hundrastg\u00e5rd 02.jpg",
        "url": "https://commons.wikimedia.org/wiki/File:Monteliusv\u00e4gens_hundrastg\u00e5rd_02.jpg"
      }
    },
    {
      "type": "Feature",
      "geometry": {
        "type": "Point",
        "coordinates": [
          17.941672,
          59.42585
        ]
      },
      "properties": {
        "title": "File:Hundrastg\u00e5rd Tureberg 05.jpg",
        "url": "https://commons.wikimedia.org/wiki/File:Hundrastg\u00e5rd_Tureberg_05.jpg"
      }
    },
    {
      "type": "Feature",
      "geometry": {
        "type": "Point",
        "coordinates": [
          18.041839,
          59.348819
        ]
      },
      "properties": {
        "title": "File:Sankt Eriksparkens hundrastg\u00e5rd 04.jpg",
        "url": "https://commons.wikimedia.org/wiki/File:Sankt_Eriksparkens_hundrastg\u00e5rd_04.jpg"
      }
    },
    {
      "type": "Feature",
      "geometry": {
        "type": "Point",
        "coordinates": [
          17.935678,
          59.396911
        ]
      },
      "properties": {
        "title": "File:\u00c5rvinge hundrastg\u00e5rd 01.jpg",
        "url": "https://commons.wikimedia.org/wiki/File:\u00c5rvinge_hundrastg\u00e5rd_01.jpg"
      }
    },
    {
      "type": "Feature",
      "geometry": {
        "type": "Point",
        "coordinates": [
          18.04045,
          59.339192
        ]
      },
      "properties": {
        "title": "File:Vasaparkens hundrastg\u00e5rd 06.jpg",
        "url": "https://commons.wikimedia.org/wiki/File:Vasaparkens_hundrastg\u00e5rd_06.jpg"
      }
    },
    {
      "type": "Feature",
      "geometry": {
        "type": "Point",
        "coordinates": [
          18.103114,
          59.344458
        ]
      },
      "properties": {
        "title": "File:Kampementsbackens hundrastg\u00e5rd 14.jpg",
        "url": "https://commons.wikimedia.org/wiki/File:Kampementsbackens_hundrastg\u00e5rd_14.jpg"
      }
    },
    {
      "type": "Feature",
      "geometry": {
        "type": "Point",
        "coordinates": [
          18.092761,
          59.355361
        ]
      },
      "properties": {
        "title": "File:V\u00e4stra Hjorthagsparkens hundrastg\u00e5rd 03.jpg",
        "url": "https://commons.wikimedia.org/wiki/File:V\u00e4stra_Hjorthagsparkens_hundrastg\u00e5rd_03.jpg"
      }
    },
    {
      "type": "Feature",
      "geometry": {
        "type": "Point",
        "coordinates": [
          18.044,
          59.334542
        ]
      },
      "properties": {
        "title": "File:Kvarnbergets hundrastg\u00e5rd 07.jpg",
        "url": "https://commons.wikimedia.org/wiki/File:Kvarnbergets_hundrastg\u00e5rd_07.jpg"
      }
    },
    {
      "type": "Feature",
      "geometry": {
        "type": "Point",
        "coordinates": [
          17.87665,
          59.32285
        ]
      },
      "properties": {
        "title": "File:Ormholmen Hund\u00f6n Drottningholm 08.jpg",
        "url": "https://commons.wikimedia.org/wiki/File:Ormholmen_Hund\u00f6n_Drottningholm_08.jpg"
      }
    },
    {
      "type": "Feature",
      "geometry": {
        "type": "Point",
        "coordinates": [
          18.040461,
          59.339128
        ]
      },
      "properties": {
        "title": "File:Vasaparkens hundrastg\u00e5rd 07.jpg",
        "url": "https://commons.wikimedia.org/wiki/File:Vasaparkens_hundrastg\u00e5rd_07.jpg"
      }
    },
    {
      "type": "Feature",
      "geometry": {
        "type": "Point",
        "coordinates": [
          17.9351,
          59.396842
        ]
      },
      "properties": {
        "title": "File:\u00c5rvinge hundrastg\u00e5rd 06.jpg",
        "url": "https://commons.wikimedia.org/wiki/File:\u00c5rvinge_hundrastg\u00e5rd_06.jpg"
      }
    },
    {
      "type": "Feature",
      "geometry": {
        "type": "Point",
        "coordinates": [
          18.018064,
          59.330775
        ]
      },
      "properties": {
        "title": "File:Konradsbergsparkens Hundrastg\u00e5rd 02.jpg",
        "url": "https://commons.wikimedia.org/wiki/File:Konradsbergsparkens_Hundrastg\u00e5rd_02.jpg"
      }
    },
    {
      "type": "Feature",
      "geometry": {
        "type": "Point",
        "coordinates": [
          17.936706,
          59.4026
        ]
      },
      "properties": {
        "title": "File:Kvarnens hundrastg\u00e5rd 09.jpg",
        "url": "https://commons.wikimedia.org/wiki/File:Kvarnens_hundrastg\u00e5rd_09.jpg"
      }
    },
    {
      "type": "Feature",
      "geometry": {
        "type": "Point",
        "coordinates": [
          17.9216,
          59.405953
        ]
      },
      "properties": {
        "title": "File:Husby hundrastg\u00e5rd, Stockholm 02.jpg",
        "url": "https://commons.wikimedia.org/wiki/File:Husby_hundrastg\u00e5rd,_Stockholm_02.jpg"
      }
    },
    {
      "type": "Feature",
      "geometry": {
        "type": "Point",
        "coordinates": [
          18.061839,
          59.309811
        ]
      },
      "properties": {
        "title": "File:Rosenlundsparkens hundrastg\u00e5rd 06.jpg",
        "url": "https://commons.wikimedia.org/wiki/File:Rosenlundsparkens_hundrastg\u00e5rd_06.jpg"
      }
    },
    {
      "type": "Feature",
      "geometry": {
        "type": "Point",
        "coordinates": [
          17.866719,
          59.409006
        ]
      },
      "properties": {
        "title": "File:Hundrastg\u00e5rd Kyrkparken Barkarby 02.jpg",
        "url": "https://commons.wikimedia.org/wiki/File:Hundrastg\u00e5rd_Kyrkparken_Barkarby_02.jpg"
      }
    },
    {
      "type": "Feature",
      "geometry": {
        "type": "Point",
        "coordinates": [
          17.859444,
          59.364364
        ]
      },
      "properties": {
        "title": "File:Lunda\u00e4ngens Hundrastg\u00e5rd - Sp\u00e5nga 07.jpg",
        "url": "https://commons.wikimedia.org/wiki/File:Lunda\u00e4ngens_Hundrastg\u00e5rd_-_Sp\u00e5nga_07.jpg"
      }
    },
    {
      "type": "Feature",
      "geometry": {
        "type": "Point",
        "coordinates": [
          18.041892,
          59.348769
        ]
      },
      "properties": {
        "title": "File:Sankt Eriksparkens hundrastg\u00e5rd 02.jpg",
        "url": "https://commons.wikimedia.org/wiki/File:Sankt_Eriksparkens_hundrastg\u00e5rd_02.jpg"
      }
    },
    {
      "type": "Feature",
      "geometry": {
        "type": "Point",
        "coordinates": [
          18.055839,
          59.347947
        ]
      },
      "properties": {
        "title": "File:Vanadislundens hundrastg\u00e5rd 04.jpg",
        "url": "https://commons.wikimedia.org/wiki/File:Vanadislundens_hundrastg\u00e5rd_04.jpg"
      }
    },
    {
      "type": "Feature",
      "geometry": {
        "type": "Point",
        "coordinates": [
          17.965397,
          59.358019
        ]
      },
      "properties": {
        "title": "File:Tuvan hundpark - Sundbyberg 2025 nov - 7.jpg",
        "url": "https://commons.wikimedia.org/wiki/File:Tuvan_hundpark_-_Sundbyberg_2025_nov_-_7.jpg"
      }
    },
    {
      "type": "Feature",
      "geometry": {
        "type": "Point",
        "coordinates": [
          17.866883,
          59.40905
        ]
      },
      "properties": {
        "title": "File:Hundrastg\u00e5rd Kyrkparken Barkarby 05.jpg",
        "url": "https://commons.wikimedia.org/wiki/File:Hundrastg\u00e5rd_Kyrkparken_Barkarby_05.jpg"
      }
    },
    {
      "type": "Feature",
      "geometry": {
        "type": "Point",
        "coordinates": [
          17.935653,
          59.396917
        ]
      },
      "properties": {
        "title": "File:\u00c5rvinge hundrastg\u00e5rd 02.jpg",
        "url": "https://commons.wikimedia.org/wiki/File:\u00c5rvinge_hundrastg\u00e5rd_02.jpg"
      }
    },
    {
      "type": "Feature",
      "geometry": {
        "type": "Point",
        "coordinates": [
          17.915853,
          59.436342
        ]
      },
      "properties": {
        "title": "File:Hundrastg\u00e5rd - J\u00e4rvaf\u00e4ltet B\u00f6gs g\u00e5rd 06.jpg",
        "url": "https://commons.wikimedia.org/wiki/File:Hundrastg\u00e5rd_-_J\u00e4rvaf\u00e4ltet_B\u00f6gs_g\u00e5rd_06.jpg"
      }
    },
    {
      "type": "Feature",
      "geometry": {
        "type": "Point",
        "coordinates": [
          18.057103,
          59.316089
        ]
      },
      "properties": {
        "title": "File:Wollmar Yxkullsgatans hundrastg\u00e5rd 03.jpg",
        "url": "https://commons.wikimedia.org/wiki/File:Wollmar_Yxkullsgatans_hundrastg\u00e5rd_03.jpg"
      }
    },
    {
      "type": "Feature",
      "geometry": {
        "type": "Point",
        "coordinates": [
          18.025019,
          59.335256
        ]
      },
      "properties": {
        "title": "File:Sankt G\u00f6ransparkens hundrastg\u00e5rd 10.jpg",
        "url": "https://commons.wikimedia.org/wiki/File:Sankt_G\u00f6ransparkens_hundrastg\u00e5rd_10.jpg"
      }
    },
    {
      "type": "Feature",
      "geometry": {
        "type": "Point",
        "coordinates": [
          17.877619,
          59.3437
        ]
      },
      "properties": {
        "title": "File:Blackebergsbackens hundrastg\u00e5rd 01.jpg",
        "url": "https://commons.wikimedia.org/wiki/File:Blackebergsbackens_hundrastg\u00e5rd_01.jpg"
      }
    },
    {
      "type": "Feature",
      "geometry": {
        "type": "Point",
        "coordinates": [
          18.055108,
          59.348236
        ]
      },
      "properties": {
        "title": "File:Vanadislundens hundrastg\u00e5rd 01.jpg",
        "url": "https://commons.wikimedia.org/wiki/File:Vanadislundens_hundrastg\u00e5rd_01.jpg"
      }
    },
    {
      "type": "Feature",
      "geometry": {
        "type": "Point",
        "coordinates": [
          17.915875,
          59.436342
        ]
      },
      "properties": {
        "title": "File:Hundrastg\u00e5rd - J\u00e4rvaf\u00e4ltet B\u00f6gs g\u00e5rd 05.jpg",
        "url": "https://commons.wikimedia.org/wiki/File:Hundrastg\u00e5rd_-_J\u00e4rvaf\u00e4ltet_B\u00f6gs_g\u00e5rd_05.jpg"
      }
    },
    {
      "type": "Feature",
      "geometry": {
        "type": "Point",
        "coordinates": [
          18.072828,
          59.309178
        ]
      },
      "properties": {
        "title": "File:\u00c4lvsborgsgatans hundrastplsts 02.jpg",
        "url": "https://commons.wikimedia.org/wiki/File:\u00c4lvsborgsgatans_hundrastplsts_02.jpg"
      }
    },
    {
      "type": "Feature",
      "geometry": {
        "type": "Point",
        "coordinates": [
          18.103167,
          59.344386
        ]
      },
      "properties": {
        "title": "File:Kampementsbackens hundrastg\u00e5rd 13.jpg",
        "url": "https://commons.wikimedia.org/wiki/File:Kampementsbackens_hundrastg\u00e5rd_13.jpg"
      }
    },
    {
      "type": "Feature",
      "geometry": {
        "type": "Point",
        "coordinates": [
          18.047211,
          59.352706
        ]
      },
      "properties": {
        "title": "File:Bellevueparkens Hundrastomr\u00e5de 16.jpg",
        "url": "https://commons.wikimedia.org/wiki/File:Bellevueparkens_Hundrastomr\u00e5de_16.jpg"
      }
    },
    {
      "type": "Feature",
      "geometry": {
        "type": "Point",
        "coordinates": [
          17.876806,
          59.323083
        ]
      },
      "properties": {
        "title": "File:Ormholmen Hund\u00f6n Drottningholm 13.jpg",
        "url": "https://commons.wikimedia.org/wiki/File:Ormholmen_Hund\u00f6n_Drottningholm_13.jpg"
      }
    },
    {
      "type": "Feature",
      "geometry": {
        "type": "Point",
        "coordinates": [
          18.088194,
          59.3572
        ]
      },
      "properties": {
        "title": "File:Kontorsparkens Hundrastg\u00e5rd 03.jpg",
        "url": "https://commons.wikimedia.org/wiki/File:Kontorsparkens_Hundrastg\u00e5rd_03.jpg"
      }
    },
    {
      "type": "Feature",
      "geometry": {
        "type": "Point",
        "coordinates": [
          17.876797,
          59.323111
        ]
      },
      "properties": {
        "title": "File:Ormholmen Hund\u00f6n Drottningholm 12.jpg",
        "url": "https://commons.wikimedia.org/wiki/File:Ormholmen_Hund\u00f6n_Drottningholm_12.jpg"
      }
    },
    {
      "type": "Feature",
      "geometry": {
        "type": "Point",
        "coordinates": [
          17.876814,
          59.323108
        ]
      },
      "properties": {
        "title": "File:Ormholmen Hund\u00f6n Drottningholm 11.jpg",
        "url": "https://commons.wikimedia.org/wiki/File:Ormholmen_Hund\u00f6n_Drottningholm_11.jpg"
      }
    },
    {
      "type": "Feature",
      "geometry": {
        "type": "Point",
        "coordinates": [
          18.103069,
          59.344422
        ]
      },
      "properties": {
        "title": "File:Kampementsbackens hundrastg\u00e5rd 16.jpg",
        "url": "https://commons.wikimedia.org/wiki/File:Kampementsbackens_hundrastg\u00e5rd_16.jpg"
      }
    },
    {
      "type": "Feature",
      "geometry": {
        "type": "Point",
        "coordinates": [
          18.047833,
          59.353939
        ]
      },
      "properties": {
        "title": "File:Bellevueparkens Hundrastomr\u00e5de 07.jpg",
        "url": "https://commons.wikimedia.org/wiki/File:Bellevueparkens_Hundrastomr\u00e5de_07.jpg"
      }
    },
    {
      "type": "Feature",
      "geometry": {
        "type": "Point",
        "coordinates": [
          18.088,
          59.331653
        ]
      },
      "properties": {
        "title": "File:Strandv\u00e4gens hundrastg\u00e5rd 02.jpg",
        "url": "https://commons.wikimedia.org/wiki/File:Strandv\u00e4gens_hundrastg\u00e5rd_02.jpg"
      }
    },
    {
      "type": "Feature",
      "geometry": {
        "type": "Point",
        "coordinates": [
          18.116275,
          59.3226
        ]
      },
      "properties": {
        "title": "File:Hundg\u00e5rd, Frisens park 01.jpg",
        "url": "https://commons.wikimedia.org/wiki/File:Hundg\u00e5rd,_Frisens_park_01.jpg"
      }
    },
    {
      "type": "Feature",
      "geometry": {
        "type": "Point",
        "coordinates": [
          18.034775,
          59.344147
        ]
      },
      "properties": {
        "title": "File:Solv\u00e4ndashundrastg\u00e5rd 02.jpg",
        "url": "https://commons.wikimedia.org/wiki/File:Solv\u00e4ndashundrastg\u00e5rd_02.jpg"
      }
    },
    {
      "type": "Feature",
      "geometry": {
        "type": "Point",
        "coordinates": [
          18.059461,
          59.320775
        ]
      },
      "properties": {
        "title": "File:Monteliusv\u00e4gens hundrastg\u00e5rd 04.jpg",
        "url": "https://commons.wikimedia.org/wiki/File:Monteliusv\u00e4gens_hundrastg\u00e5rd_04.jpg"
      }
    },
    {
      "type": "Feature",
      "geometry": {
        "type": "Point",
        "coordinates": [
          18.050756,
          59.319489
        ]
      },
      "properties": {
        "title": "File:Skinnarviksbergets hundrastg\u00e5rd 03.jpg",
        "url": "https://commons.wikimedia.org/wiki/File:Skinnarviksbergets_hundrastg\u00e5rd_03.jpg"
      }
    },
    {
      "type": "Feature",
      "geometry": {
        "type": "Point",
        "coordinates": [
          18.103314,
          59.344314
        ]
      },
      "properties": {
        "title": "File:Kampementsbackens hundrastg\u00e5rd 12.jpg",
        "url": "https://commons.wikimedia.org/wiki/File:Kampementsbackens_hundrastg\u00e5rd_12.jpg"
      }
    },
    {
      "type": "Feature",
      "geometry": {
        "type": "Point",
        "coordinates": [
          17.895117,
          59.356122
        ]
      },
      "properties": {
        "title": "File:Bekomberga hundrastg\u00e5rd 03.jpg",
        "url": "https://commons.wikimedia.org/wiki/File:Bekomberga_hundrastg\u00e5rd_03.jpg"
      }
    },
    {
      "type": "Feature",
      "geometry": {
        "type": "Point",
        "coordinates": [
          18.088197,
          59.357128
        ]
      },
      "properties": {
        "title": "File:Kontorsparkens Hundrastg\u00e5rd 10.jpg",
        "url": "https://commons.wikimedia.org/wiki/File:Kontorsparkens_Hundrastg\u00e5rd_10.jpg"
      }
    },
    {
      "type": "Feature",
      "geometry": {
        "type": "Point",
        "coordinates": [
          18.024792,
          59.335053
        ]
      },
      "properties": {
        "title": "File:Sankt G\u00f6ransparkens hundrastg\u00e5rd 06.jpg",
        "url": "https://commons.wikimedia.org/wiki/File:Sankt_G\u00f6ransparkens_hundrastg\u00e5rd_06.jpg"
      }
    },
    {
      "type": "Feature",
      "geometry": {
        "type": "Point",
        "coordinates": [
          17.965239,
          59.358186
        ]
      },
      "properties": {
        "title": "File:Tuvan hundpark - Sundbyberg 2025 nov - 4.jpg",
        "url": "https://commons.wikimedia.org/wiki/File:Tuvan_hundpark_-_Sundbyberg_2025_nov_-_4.jpg"
      }
    },
    {
      "type": "Feature",
      "geometry": {
        "type": "Point",
        "coordinates": [
          18.036506,
          59.332072
        ]
      },
      "properties": {
        "title": "File:Kronobergsparkens hundrastg\u00e5rd 05.jpg",
        "url": "https://commons.wikimedia.org/wiki/File:Kronobergsparkens_hundrastg\u00e5rd_05.jpg"
      }
    },
    {
      "type": "Feature",
      "geometry": {
        "type": "Point",
        "coordinates": [
          17.876169,
          59.321481
        ]
      },
      "properties": {
        "title": "File:Ormholmen Hund\u00f6n Drottningholm 03.jpg",
        "url": "https://commons.wikimedia.org/wiki/File:Ormholmen_Hund\u00f6n_Drottningholm_03.jpg"
      }
    },
    {
      "type": "Feature",
      "geometry": {
        "type": "Point",
        "coordinates": [
          17.877639,
          59.343881
        ]
      },
      "properties": {
        "title": "File:Blackebergsbackens hundrastg\u00e5rd 06.jpg",
        "url": "https://commons.wikimedia.org/wiki/File:Blackebergsbackens_hundrastg\u00e5rd_06.jpg"
      }
    },
    {
      "type": "Feature",
      "geometry": {
        "type": "Point",
        "coordinates": [
          18.047772,
          59.353978
        ]
      },
      "properties": {
        "title": "File:Bellevueparkens Hundrastomr\u00e5de 04.jpg",
        "url": "https://commons.wikimedia.org/wiki/File:Bellevueparkens_Hundrastomr\u00e5de_04.jpg"
      }
    },
    {
      "type": "Feature",
      "geometry": {
        "type": "Point",
        "coordinates": [
          18.055614,
          59.348069
        ]
      },
      "properties": {
        "title": "File:Vanadislundens hundrastg\u00e5rd 03.jpg",
        "url": "https://commons.wikimedia.org/wiki/File:Vanadislundens_hundrastg\u00e5rd_03.jpg"
      }
    },
    {
      "type": "Feature",
      "geometry": {
        "type": "Point",
        "coordinates": [
          17.838572,
          59.4161
        ]
      },
      "properties": {
        "title": "File:S\u00f6derh\u00f6jdens Hundrastg\u00e5rd 03.jpg",
        "url": "https://commons.wikimedia.org/wiki/File:S\u00f6derh\u00f6jdens_Hundrastg\u00e5rd_03.jpg"
      }
    },
    {
      "type": "Feature",
      "geometry": {
        "type": "Point",
        "coordinates": [
          17.992006,
          59.334433
        ]
      },
      "properties": {
        "title": "File:Tranebergs hundrastg\u00e5rd 04.jpg",
        "url": "https://commons.wikimedia.org/wiki/File:Tranebergs_hundrastg\u00e5rd_04.jpg"
      }
    },
    {
      "type": "Feature",
      "geometry": {
        "type": "Point",
        "coordinates": [
          17.876814,
          59.323083
        ]
      },
      "properties": {
        "title": "File:Ormholmen Hund\u00f6n Drottningholm 14.jpg",
        "url": "https://commons.wikimedia.org/wiki/File:Ormholmen_Hund\u00f6n_Drottningholm_14.jpg"
      }
    },
    {
      "type": "Feature",
      "geometry": {
        "type": "Point",
        "coordinates": [
          18.018878,
          59.33085
        ]
      },
      "properties": {
        "title": "File:Konradsbergsparkens Hundrastg\u00e5rd 05.jpg",
        "url": "https://commons.wikimedia.org/wiki/File:Konradsbergsparkens_Hundrastg\u00e5rd_05.jpg"
      }
    },
    {
      "type": "Feature",
      "geometry": {
        "type": "Point",
        "coordinates": [
          18.088369,
          59.357139
        ]
      },
      "properties": {
        "title": "File:Kontorsparkens Hundrastg\u00e5rd 02.jpg",
        "url": "https://commons.wikimedia.org/wiki/File:Kontorsparkens_Hundrastg\u00e5rd_02.jpg"
      }
    }
  ]
}